user_id,product_id,action,timestamp
52,25,view,2026-05-15T07:54:01.189977
30,16,view,2026-05-23T17:21:01.189977
33,47,view,2026-03-30T07:36:01.189977
90,35,view,2026-04-04T19:31:01.189977
63,13,view,2026-04-05T18:54:01.189977
76,14,click,2026-03-20T20:23:01.189977
48,25,add_to_cart,2026-05-12T06:05:01.189977
20,30,click,2026-03-15T05:43:01.189977
73,22,view,2026-03-27T08:53:01.189977
68,44,click,2026-04-18T21:52:01.189977
41,26,view,2026-04-10T19:38:01.189977
1,28,view,2026-03-07T16:02:01.189977
69,6,view,2026-03-10T15:53:01.189977
26,39,view,2026-05-26T22:23:01.189977
46,9,view,2026-03-08T19:03:01.189977
92,11,click,2026-04-21T09:33:01.189977
77,12,add_to_cart,2026-04-01T12:03:01.189977
23,3,view,2026-05-16T00:32:01.189977
61,44,add_to_cart,2026-05-24T05:12:01.189977
55,41,view,2026-05-03T09:42:01.189977
80,1,view,2026-05-19T05:48:01.189977
67,26,view,2026-03-20T22:48:01.189977
8,41,view,2026-05-08T03:48:01.189977
70,26,add_to_cart,2026-05-20T02:28:01.189977
46,45,view,2026-05-26T12:33:01.189977
17,48,add_to_cart,2026-04-07T00:30:01.189977
100,48,view,2026-03-06T22:21:01.189977
53,8,view,2026-05-18T12:39:01.189977
38,12,purchase,2026-04-24T07:06:01.189977
19,14,add_to_cart,2026-05-02T13:24:01.189977
99,32,click,2026-03-15T14:06:01.189977
33,8,add_to_cart,2026-04-28T16:20:01.189977
24,44,view,2026-05-05T09:58:01.189977
2,38,add_to_cart,2026-04-30T21:21:01.189977
28,25,view,2026-03-17T18:00:01.189977
52,25,view,2026-04-27T20:05:01.189977
69,6,view,2026-05-28T04:22:01.189977
48,47,add_to_cart,2026-03-22T10:36:01.189977
57,15,view,2026-04-02T01:05:01.189977
29,42,click,2026-05-21T23:29:01.189977
89,47,view,2026-03-23T01:31:01.189977
92,44,click,2026-04-26T16:36:01.189977
38,29,click,2026-05-24T07:27:01.189977
57,27,purchase,2026-05-08T06:47:01.189977
9,33,view,2026-03-30T06:30:01.189977
42,31,view,2026-03-07T23:15:01.189977
33,28,add_to_cart,2026-04-24T08:17:01.189977
85,40,view,2026-04-27T02:39:01.189977
87,44,click,2026-03-02T17:43:01.189977
80,43,click,2026-05-13T21:40:01.189977
49,22,add_to_cart,2026-04-30T04:00:01.189977
1,43,view,2026-05-04T17:11:01.189977
25,43,click,2026-03-20T17:49:01.189977
82,17,click,2026-03-24T23:21:01.189977
97,46,view,2026-03-14T06:41:01.189977
45,43,view,2026-05-21T09:06:01.189977
65,35,view,2026-04-14T01:57:01.189977
40,44,purchase,2026-05-16T08:53:01.189977
66,29,add_to_cart,2026-05-07T13:59:01.189977
96,48,view,2026-04-10T14:20:01.189977
68,41,click,2026-04-04T02:32:01.189977
98,39,click,2026-05-13T08:58:01.189977
95,2,purchase,2026-03-19T04:56:01.189977
40,5,view,2026-03-05T02:51:01.189977
8,27,view,2026-03-04T05:43:01.189977
72,41,add_to_cart,2026-04-08T01:58:01.189977
74,19,view,2026-05-22T11:48:01.189977
51,26,click,2026-05-07T12:01:01.189977
59,22,view,2026-05-19T17:03:01.189977
58,45,click,2026-04-23T13:00:01.189977
72,46,view,2026-05-08T20:00:01.189977
27,18,view,2026-03-15T17:59:01.189977
90,25,view,2026-03-09T12:43:01.189977
62,37,add_to_cart,2026-03-11T15:52:01.189977
61,43,view,2026-05-24T19:12:01.189977
69,16,purchase,2026-04-13T23:36:01.189977
2,8,view,2026-04-16T15:04:01.189977
10,22,click,2026-05-31T05:53:01.189977
73,44,view,2026-04-03T22:34:01.189977
2,38,view,2026-05-07T19:09:01.189977
22,9,view,2026-05-27T06:45:01.189977
51,3,view,2026-04-15T01:28:01.189977
30,36,click,2026-05-17T04:12:01.189977
57,4,click,2026-04-23T13:58:01.189977
30,13,view,2026-05-15T23:06:01.189977
35,18,click,2026-05-25T04:10:01.189977
72,13,click,2026-05-15T19:10:01.189977
90,23,click,2026-03-18T09:39:01.189977
69,6,click,2026-05-21T06:24:01.189977
93,9,add_to_cart,2026-05-17T22:23:01.189977
70,6,view,2026-04-14T22:25:01.189977
83,25,view,2026-03-13T08:03:01.189977
92,15,click,2026-03-23T09:02:01.189977
79,11,view,2026-05-26T19:07:01.189977
44,41,view,2026-05-03T14:49:01.189977
23,48,view,2026-04-16T09:45:01.189977
83,34,click,2026-05-30T11:06:01.189977
30,25,add_to_cart,2026-03-20T09:33:01.189977
13,16,view,2026-03-25T21:13:01.189977
78,6,add_to_cart,2026-05-16T21:50:01.189977
22,50,view,2026-05-08T13:48:01.189977
41,38,view,2026-04-25T12:16:01.189977
3,20,add_to_cart,2026-05-19T12:30:01.189977
2,19,add_to_cart,2026-05-04T16:27:01.189977
38,8,view,2026-03-19T15:20:01.189977
10,3,view,2026-04-06T09:37:01.189977
88,21,add_to_cart,2026-04-01T03:59:01.189977
42,3,view,2026-05-06T23:12:01.189977
79,15,view,2026-03-29T11:14:01.189977
87,2,click,2026-03-07T03:36:01.189977
37,48,view,2026-04-14T23:25:01.189977
92,50,view,2026-04-13T21:32:01.189977
53,4,view,2026-04-02T15:20:01.189977
34,11,add_to_cart,2026-05-23T01:14:01.189977
56,1,view,2026-05-28T23:46:01.189977
26,9,add_to_cart,2026-05-15T05:50:01.189977
81,20,view,2026-03-12T11:45:01.189977
33,12,view,2026-04-22T09:46:01.189977
20,1,add_to_cart,2026-05-28T08:43:01.189977
65,26,add_to_cart,2026-03-03T16:57:01.189977
58,5,view,2026-05-10T08:48:01.189977
44,28,view,2026-03-09T03:26:01.189977
79,6,view,2026-05-17T01:14:01.189977
30,47,view,2026-05-12T15:14:01.189977
92,7,view,2026-05-13T05:55:01.189977
23,9,view,2026-03-10T22:04:01.189977
32,12,add_to_cart,2026-05-08T06:06:01.189977
22,42,view,2026-03-19T17:15:01.189977
65,35,view,2026-05-09T17:06:01.189977
68,15,click,2026-04-23T06:49:01.189977
51,34,view,2026-05-09T14:40:01.189977
33,21,click,2026-05-01T04:27:01.189977
64,13,view,2026-04-04T10:55:01.189977
4,3,view,2026-05-02T21:57:01.189977
25,4,click,2026-05-14T18:06:01.189977
35,43,view,2026-04-09T01:28:01.189977
68,19,view,2026-04-28T10:09:01.189977
15,11,view,2026-05-18T15:39:01.189977
90,20,view,2026-05-13T13:42:01.189977
58,4,add_to_cart,2026-05-29T03:02:01.189977
46,15,view,2026-05-24T11:24:01.189977
49,2,view,2026-05-02T15:52:01.189977
49,16,view,2026-03-21T15:00:01.189977
10,2,view,2026-05-12T07:38:01.189977
29,22,click,2026-03-23T09:04:01.189977
10,42,view,2026-05-21T05:32:01.189977
85,28,view,2026-03-15T18:42:01.189977
94,24,view,2026-04-10T18:46:01.189977
49,50,view,2026-04-02T22:18:01.189977
34,21,click,2026-03-19T00:31:01.189977
15,18,view,2026-05-25T17:45:01.189977
5,15,view,2026-04-05T02:04:01.189977
14,18,add_to_cart,2026-04-05T01:08:01.189977
80,16,view,2026-04-01T01:26:01.189977
57,34,view,2026-03-24T21:51:01.189977
34,5,click,2026-05-20T12:05:01.189977
95,2,view,2026-03-23T00:16:01.189977
91,29,view,2026-03-08T00:01:01.189977
97,21,view,2026-05-10T04:44:01.189977
78,45,view,2026-03-13T06:37:01.189977
14,19,view,2026-05-12T15:12:01.189977
9,38,add_to_cart,2026-04-20T07:13:01.189977
96,32,view,2026-04-07T09:55:01.189977
11,45,view,2026-04-10T08:22:01.189977
11,41,view,2026-04-24T06:47:01.189977
25,28,add_to_cart,2026-04-01T17:46:01.189977
76,38,view,2026-05-20T13:22:01.189977
42,14,view,2026-04-03T08:02:01.189977
14,1,purchase,2026-03-17T00:33:01.189977
37,12,add_to_cart,2026-03-18T01:28:01.189977
100,45,view,2026-05-15T11:19:01.189977
91,27,view,2026-03-15T23:20:01.189977
24,49,view,2026-04-04T02:17:01.189977
13,5,view,2026-04-13T16:35:01.189977
39,17,add_to_cart,2026-03-26T09:52:01.189977
21,49,view,2026-05-20T08:24:01.189977
5,48,click,2026-05-25T05:56:01.189977
33,31,view,2026-03-11T17:42:01.189977
38,39,view,2026-03-15T14:17:01.189977
99,33,view,2026-04-20T20:05:01.189977
33,33,view,2026-05-14T19:44:01.189977
59,19,view,2026-05-01T15:31:01.189977
66,9,add_to_cart,2026-05-10T16:09:01.189977
79,23,click,2026-05-25T04:19:01.189977
30,36,view,2026-05-18T10:39:01.189977
74,1,view,2026-03-21T02:45:01.189977
94,26,view,2026-05-24T02:36:01.189977
2,28,view,2026-04-19T22:12:01.189977
14,6,view,2026-03-13T11:20:01.189977
12,50,view,2026-05-14T03:47:01.189977
15,10,click,2026-03-28T03:41:01.189977
40,12,add_to_cart,2026-03-31T00:25:01.189977
83,13,view,2026-05-21T10:47:01.189977
42,2,purchase,2026-05-11T18:14:01.189977
39,26,view,2026-05-27T16:57:01.189977
57,42,purchase,2026-04-17T22:58:01.189977
70,40,view,2026-04-29T22:02:01.189977
17,3,click,2026-03-29T06:35:01.189977
71,44,add_to_cart,2026-03-15T03:51:01.189977
27,41,view,2026-04-22T22:49:01.189977
92,31,purchase,2026-04-06T15:37:01.189977
45,36,view,2026-04-14T11:08:01.189977
69,20,view,2026-04-06T10:54:01.189977
76,23,view,2026-04-21T21:47:01.189977
6,5,view,2026-03-05T16:11:01.189977
87,36,view,2026-04-28T13:40:01.189977
23,36,view,2026-03-05T15:43:01.189977
99,45,view,2026-04-11T14:45:01.189977
38,3,click,2026-04-30T08:50:01.189977
55,13,click,2026-05-27T22:33:01.189977
23,41,view,2026-04-26T00:19:01.189977
55,35,view,2026-04-27T16:29:01.189977
76,42,add_to_cart,2026-04-27T06:12:01.189977
34,7,add_to_cart,2026-03-03T05:46:01.189977
100,23,view,2026-05-07T18:44:01.189977
88,7,add_to_cart,2026-04-28T03:11:01.189977
50,21,view,2026-04-07T13:45:01.189977
16,39,click,2026-05-05T06:29:01.189977
36,27,add_to_cart,2026-05-19T07:50:01.189977
86,9,view,2026-03-28T17:58:01.189977
85,50,add_to_cart,2026-05-29T03:21:01.189977
71,33,view,2026-05-18T15:23:01.189977
32,27,view,2026-05-19T22:08:01.189977
34,20,view,2026-04-26T15:51:01.189977
12,23,view,2026-04-16T19:47:01.189977
30,31,click,2026-04-16T02:41:01.189977
39,16,click,2026-05-28T03:49:01.189977
17,30,add_to_cart,2026-05-25T05:49:01.189977
46,36,purchase,2026-03-04T18:08:01.189977
83,23,click,2026-04-12T20:27:01.189977
6,5,view,2026-05-11T22:24:01.189977
93,48,add_to_cart,2026-04-20T13:11:01.189977
26,42,view,2026-04-19T21:38:01.189977
64,41,click,2026-05-11T21:16:01.189977
94,3,click,2026-05-17T10:26:01.189977
82,28,view,2026-05-20T04:09:01.189977
71,30,view,2026-04-06T04:33:01.189977
3,50,add_to_cart,2026-03-18T07:41:01.189977
5,20,view,2026-05-28T15:19:01.189977
88,16,view,2026-03-15T09:00:01.189977
48,49,view,2026-05-19T05:00:01.189977
37,37,view,2026-03-11T12:17:01.189977
20,45,add_to_cart,2026-03-20T22:13:01.189977
43,37,add_to_cart,2026-04-12T18:59:01.189977
26,43,view,2026-03-31T00:19:01.189977
34,12,view,2026-04-18T00:57:01.189977
11,25,click,2026-03-27T00:49:01.189977
34,39,view,2026-05-31T14:15:01.189977
72,12,click,2026-05-28T20:15:01.189977
90,17,view,2026-03-10T07:05:01.189977
87,46,add_to_cart,2026-05-17T02:14:01.189977
68,15,view,2026-05-02T07:22:01.189977
51,23,view,2026-03-12T02:53:01.189977
34,24,click,2026-05-31T01:17:01.189977
20,36,view,2026-05-06T08:00:01.189977
95,31,click,2026-03-26T00:28:01.189977
81,12,view,2026-05-18T18:19:01.189977
89,40,view,2026-04-25T06:59:01.189977
72,43,view,2026-03-20T04:33:01.189977
60,14,view,2026-03-20T09:21:01.189977
89,26,purchase,2026-03-22T05:31:01.189977
55,35,view,2026-03-03T15:23:01.189977
28,46,view,2026-05-11T05:30:01.189977
81,49,view,2026-03-02T15:07:01.189977
50,11,purchase,2026-03-27T18:36:01.189977
53,15,view,2026-05-14T19:20:01.189977
8,47,view,2026-04-04T05:06:01.189977
61,25,view,2026-03-03T18:33:01.189977
34,29,view,2026-05-30T23:23:01.189977
24,42,view,2026-04-03T15:02:01.189977
55,39,add_to_cart,2026-04-22T01:11:01.189977
41,18,click,2026-05-16T06:06:01.189977
80,10,view,2026-04-27T12:39:01.189977
89,9,purchase,2026-04-21T04:35:01.189977
60,12,view,2026-04-14T09:25:01.189977
63,39,view,2026-04-12T20:07:01.189977
58,40,view,2026-05-22T16:08:01.189977
62,3,purchase,2026-03-10T11:21:01.189977
87,30,view,2026-04-30T03:51:01.189977
63,1,view,2026-03-11T17:06:01.189977
41,4,click,2026-05-20T02:23:01.189977
16,36,view,2026-04-12T08:40:01.189977
97,1,view,2026-04-08T00:22:01.189977
96,13,view,2026-05-11T12:22:01.189977
99,50,view,2026-04-30T02:49:01.189977
91,4,purchase,2026-03-22T18:58:01.189977
26,3,view,2026-03-07T02:06:01.189977
78,14,view,2026-03-24T00:46:01.189977
1,12,view,2026-04-18T06:04:01.189977
46,24,view,2026-03-10T16:05:01.189977
44,16,view,2026-04-02T20:04:01.189977
58,7,view,2026-03-05T16:08:01.189977
6,14,click,2026-04-25T04:49:01.189977
37,50,add_to_cart,2026-04-28T00:51:01.189977
44,12,click,2026-04-18T17:57:01.189977
43,42,view,2026-04-02T22:24:01.189977
62,42,view,2026-04-18T20:48:01.189977
4,17,view,2026-05-23T09:29:01.189977
43,7,purchase,2026-05-29T00:48:01.189977
55,46,add_to_cart,2026-04-27T15:28:01.189977
89,46,view,2026-04-27T16:23:01.189977
46,24,view,2026-03-31T05:52:01.189977
35,21,add_to_cart,2026-03-11T05:32:01.189977
34,25,view,2026-03-17T05:58:01.189977
30,43,view,2026-03-09T15:15:01.189977
69,6,view,2026-04-17T17:59:01.189977
10,6,click,2026-05-21T11:01:01.189977
45,25,add_to_cart,2026-03-03T16:22:01.189977
29,16,view,2026-05-19T12:35:01.189977
71,17,add_to_cart,2026-04-25T12:06:01.189977
22,42,view,2026-04-30T13:13:01.189977
41,13,view,2026-04-16T07:24:01.189977
95,12,view,2026-03-27T23:08:01.189977
75,43,view,2026-05-25T23:29:01.189977
20,3,view,2026-04-29T10:10:01.189977
61,10,view,2026-05-05T10:12:01.189977
84,23,view,2026-05-09T02:22:01.189977
41,16,view,2026-05-08T13:05:01.189977
56,8,add_to_cart,2026-05-23T23:11:01.189977
72,12,view,2026-04-07T17:56:01.189977
88,13,view,2026-04-26T14:37:01.189977
47,9,purchase,2026-03-16T07:33:01.189977
100,15,view,2026-04-22T15:16:01.189977
66,30,view,2026-03-04T22:15:01.189977
26,29,add_to_cart,2026-03-11T17:09:01.189977
97,19,view,2026-03-27T12:49:01.189977
28,22,purchase,2026-03-21T03:50:01.189977
95,14,view,2026-03-28T13:45:01.189977
92,3,view,2026-05-13T14:10:01.189977
35,28,view,2026-05-23T16:16:01.189977
22,2,view,2026-05-20T09:04:01.189977
10,5,view,2026-03-26T18:31:01.189977
35,24,click,2026-05-15T18:07:01.189977
57,25,view,2026-04-22T14:44:01.189977
24,31,view,2026-04-19T10:48:01.189977
42,5,view,2026-03-29T21:22:01.189977
40,43,add_to_cart,2026-04-07T02:28:01.189977
6,41,view,2026-05-13T08:27:01.189977
6,33,view,2026-03-24T10:42:01.189977
84,16,click,2026-05-21T12:38:01.189977
35,36,view,2026-05-12T08:45:01.189977
16,3,view,2026-03-19T11:34:01.189977
16,49,view,2026-05-19T17:42:01.189977
22,41,view,2026-05-24T13:22:01.189977
76,17,view,2026-05-09T13:33:01.189977
27,34,click,2026-04-12T20:10:01.189977
3,44,click,2026-03-30T20:39:01.189977
78,30,click,2026-03-24T21:01:01.189977
74,17,view,2026-05-19T18:42:01.189977
72,50,click,2026-04-19T07:24:01.189977
69,23,add_to_cart,2026-03-24T03:46:01.189977
62,49,view,2026-04-15T00:20:01.189977
78,7,add_to_cart,2026-05-25T09:11:01.189977
83,5,view,2026-05-10T04:02:01.189977
68,9,view,2026-04-23T10:45:01.189977
98,43,view,2026-05-30T02:40:01.189977
37,25,view,2026-04-28T17:20:01.189977
77,4,view,2026-05-13T14:25:01.189977
97,33,click,2026-04-28T17:21:01.189977
17,10,click,2026-04-17T16:48:01.189977
45,37,add_to_cart,2026-03-05T12:34:01.189977
22,22,view,2026-05-09T12:40:01.189977
27,43,view,2026-05-11T09:28:01.189977
79,33,view,2026-03-26T00:19:01.189977
62,45,view,2026-04-18T07:08:01.189977
36,42,view,2026-03-06T16:09:01.189977
23,14,add_to_cart,2026-05-03T21:55:01.189977
97,2,view,2026-05-06T01:56:01.189977
3,24,view,2026-03-07T08:21:01.189977
49,49,view,2026-04-12T18:06:01.189977
35,36,view,2026-04-26T04:26:01.189977
98,33,add_to_cart,2026-04-06T11:19:01.189977
24,35,view,2026-05-17T09:32:01.189977
4,33,view,2026-05-22T01:56:01.189977
78,28,view,2026-04-15T13:49:01.189977
52,50,view,2026-04-14T07:13:01.189977
95,32,purchase,2026-04-05T20:43:01.189977
11,30,view,2026-04-08T02:24:01.189977
77,24,view,2026-05-02T03:04:01.189977
14,45,click,2026-04-03T01:21:01.189977
16,11,click,2026-03-28T07:38:01.189977
37,37,view,2026-05-10T18:39:01.189977
73,31,click,2026-05-03T11:27:01.189977
28,25,add_to_cart,2026-04-19T12:42:01.189977
33,47,view,2026-05-12T19:40:01.189977
76,6,view,2026-05-14T20:14:01.189977
69,28,click,2026-05-18T06:20:01.189977
27,37,view,2026-05-04T10:55:01.189977
14,6,add_to_cart,2026-03-17T05:10:01.189977
43,32,view,2026-03-17T07:23:01.189977
65,5,view,2026-05-09T02:57:01.189977
66,19,view,2026-03-14T00:09:01.189977
72,47,view,2026-04-22T07:20:01.189977
76,39,view,2026-05-16T01:20:01.189977
58,9,click,2026-05-18T16:51:01.189977
53,30,view,2026-03-12T07:17:01.189977
48,45,view,2026-05-24T17:46:01.189977
80,33,view,2026-04-16T22:24:01.189977
67,44,view,2026-04-21T08:23:01.189977
87,28,view,2026-03-31T05:04:01.189977
28,6,view,2026-03-14T00:22:01.189977
81,27,view,2026-05-14T12:47:01.189977
29,5,view,2026-04-02T14:42:01.189977
50,11,view,2026-05-11T04:23:01.189977
41,25,click,2026-03-10T01:10:01.189977
96,43,view,2026-05-25T19:39:01.189977
75,50,view,2026-04-17T23:33:01.189977
5,49,view,2026-04-11T00:28:01.189977
52,48,view,2026-03-11T01:16:01.189977
41,35,view,2026-05-07T01:37:01.189977
47,8,view,2026-05-04T16:26:01.189977
59,24,click,2026-04-26T00:54:01.189977
87,48,view,2026-05-29T01:31:01.189977
10,38,view,2026-04-14T00:07:01.189977
96,21,view,2026-05-05T04:56:01.189977
60,3,add_to_cart,2026-03-25T09:52:01.189977
6,31,view,2026-03-14T05:39:01.189977
37,41,view,2026-05-28T06:48:01.189977
25,43,view,2026-04-17T23:16:01.189977
73,38,view,2026-04-25T12:34:01.189977
5,13,view,2026-05-23T15:49:01.189977
64,34,view,2026-05-16T17:07:01.189977
92,50,view,2026-05-20T22:18:01.189977
61,33,view,2026-03-27T18:53:01.189977
77,48,purchase,2026-03-04T08:05:01.189977
19,4,click,2026-05-17T13:19:01.189977
51,15,add_to_cart,2026-05-08T11:36:01.189977
93,9,click,2026-05-29T16:03:01.189977
33,18,view,2026-03-19T00:49:01.189977
26,25,view,2026-03-14T08:15:01.189977
40,7,view,2026-03-10T10:30:01.189977
82,47,add_to_cart,2026-03-31T06:28:01.189977
48,15,click,2026-05-19T22:59:01.189977
41,1,view,2026-03-29T20:57:01.189977
17,28,view,2026-04-30T11:40:01.189977
67,28,click,2026-03-11T09:53:01.189977
100,25,click,2026-03-15T17:28:01.189977
48,15,click,2026-05-25T11:36:01.189977
45,37,click,2026-04-05T10:50:01.189977
19,49,view,2026-05-28T02:34:01.189977
70,23,view,2026-05-01T20:10:01.189977
89,19,add_to_cart,2026-05-18T02:43:01.189977
93,5,view,2026-05-26T16:43:01.189977
37,7,view,2026-04-05T15:57:01.189977
56,34,view,2026-04-15T15:57:01.189977
13,30,view,2026-03-25T00:01:01.189977
18,24,click,2026-05-01T22:45:01.189977
66,17,add_to_cart,2026-04-22T11:23:01.189977
10,14,add_to_cart,2026-04-07T23:31:01.189977
98,32,click,2026-04-30T07:32:01.189977
83,46,view,2026-05-07T01:59:01.189977
99,32,add_to_cart,2026-05-20T13:54:01.189977
77,1,view,2026-05-27T23:35:01.189977
9,15,view,2026-04-20T20:41:01.189977
68,14,add_to_cart,2026-04-03T14:18:01.189977
96,25,click,2026-05-15T14:18:01.189977
26,32,click,2026-05-03T12:19:01.189977
58,8,view,2026-04-08T00:01:01.189977
7,22,view,2026-03-12T02:06:01.189977
31,20,view,2026-05-23T08:32:01.189977
17,38,view,2026-05-01T20:57:01.189977
74,22,view,2026-05-13T20:09:01.189977
24,15,click,2026-03-05T19:46:01.189977
23,14,view,2026-05-27T09:34:01.189977
93,1,view,2026-03-05T14:17:01.189977
56,29,view,2026-04-27T19:53:01.189977
25,35,view,2026-04-23T08:24:01.189977
32,48,add_to_cart,2026-05-06T16:09:01.189977
86,15,add_to_cart,2026-05-21T20:39:01.189977
44,4,view,2026-05-24T03:17:01.189977
10,39,click,2026-05-27T05:26:01.189977
85,26,view,2026-04-12T09:50:01.189977
73,6,add_to_cart,2026-03-27T13:17:01.189977
32,23,view,2026-04-08T17:14:01.189977
53,9,view,2026-05-13T02:46:01.189977
58,20,view,2026-03-22T06:09:01.189977
34,23,view,2026-03-06T12:43:01.189977
78,39,view,2026-03-26T01:20:01.189977
63,45,click,2026-05-18T22:36:01.189977
48,14,view,2026-03-08T09:39:01.189977
72,27,add_to_cart,2026-03-05T14:51:01.189977
34,29,view,2026-05-04T05:59:01.189977
40,23,view,2026-05-15T17:53:01.189977
37,7,view,2026-05-04T16:23:01.189977
55,44,view,2026-03-22T21:31:01.189977
58,8,view,2026-04-26T00:49:01.189977
13,30,view,2026-05-10T12:41:01.189977
7,2,view,2026-04-08T11:24:01.189977
70,44,add_to_cart,2026-05-11T19:17:01.189977
5,7,view,2026-04-16T19:40:01.189977
67,15,view,2026-05-09T15:04:01.189977
88,17,click,2026-05-01T09:35:01.189977
75,26,view,2026-05-20T14:47:01.189977
59,12,add_to_cart,2026-05-13T01:03:01.189977
71,13,click,2026-05-31T01:58:01.189977
19,36,view,2026-03-07T13:44:01.189977
65,14,click,2026-04-30T05:10:01.189977
20,19,view,2026-03-23T13:17:01.189977
98,2,view,2026-05-07T10:48:01.189977
15,5,view,2026-04-28T11:06:01.189977
82,19,view,2026-03-12T15:24:01.189977
81,13,view,2026-04-26T16:02:01.189977
35,35,view,2026-04-24T21:23:01.189977
83,7,view,2026-05-31T11:00:01.189977
64,36,add_to_cart,2026-03-16T21:49:01.189977
46,9,view,2026-03-07T06:10:01.189977
56,30,view,2026-04-25T06:31:01.189977
24,31,view,2026-05-02T09:51:01.189977
58,40,click,2026-03-10T19:20:01.189977
56,13,view,2026-05-07T21:03:01.189977
16,8,view,2026-05-17T12:30:01.189977
64,19,view,2026-03-10T19:40:01.189977
57,35,view,2026-05-30T07:15:01.189977
77,20,view,2026-03-03T04:14:01.189977
9,38,view,2026-04-22T21:18:01.189977
49,20,view,2026-04-01T16:42:01.189977
50,8,view,2026-05-18T09:03:01.189977
57,8,view,2026-05-12T05:20:01.189977
17,43,view,2026-04-17T12:29:01.189977
1,17,view,2026-05-24T19:19:01.189977
7,26,view,2026-04-25T07:22:01.189977
74,5,view,2026-03-29T15:03:01.189977
29,42,view,2026-04-15T01:21:01.189977
96,18,add_to_cart,2026-05-20T14:36:01.189977
67,17,click,2026-05-26T01:48:01.189977
43,43,view,2026-04-03T16:33:01.189977
78,45,purchase,2026-04-20T22:24:01.189977
61,38,click,2026-05-15T02:12:01.189977
59,7,view,2026-04-25T21:01:01.189977
35,11,click,2026-03-12T17:57:01.189977
100,30,view,2026-03-02T23:45:01.189977
96,23,add_to_cart,2026-05-29T03:10:01.189977
22,20,view,2026-03-29T07:16:01.189977
50,4,view,2026-03-20T11:41:01.189977
78,36,click,2026-03-15T20:06:01.189977
68,40,view,2026-04-07T05:55:01.189977
76,1,add_to_cart,2026-05-17T15:36:01.189977
48,20,view,2026-03-22T22:38:01.189977
48,5,view,2026-03-29T15:22:01.189977
85,25,click,2026-03-06T09:10:01.189977
26,44,view,2026-03-08T19:41:01.189977
36,32,click,2026-04-15T14:37:01.189977
2,9,view,2026-04-23T21:48:01.189977
39,46,view,2026-04-25T18:07:01.189977
72,44,add_to_cart,2026-04-12T19:28:01.189977
49,26,view,2026-05-21T03:50:01.189977
18,19,view,2026-04-24T01:21:01.189977
67,37,click,2026-05-09T10:05:01.189977
45,26,add_to_cart,2026-05-21T16:20:01.189977
38,15,click,2026-03-31T01:10:01.189977
31,39,view,2026-04-06T01:36:01.189977
62,33,add_to_cart,2026-04-23T10:52:01.189977
3,33,click,2026-03-20T10:59:01.189977
40,14,click,2026-05-27T21:20:01.189977
15,42,view,2026-04-15T09:55:01.189977
41,1,view,2026-03-22T17:12:01.189977
94,14,view,2026-05-14T07:53:01.189977
59,14,view,2026-04-02T13:05:01.189977
95,12,view,2026-03-06T09:07:01.189977
91,13,view,2026-05-09T10:00:01.189977
83,28,view,2026-04-23T15:34:01.189977
31,45,view,2026-03-10T03:40:01.189977
18,2,click,2026-04-17T01:02:01.189977
87,47,add_to_cart,2026-03-13T06:59:01.189977
33,7,view,2026-03-31T23:50:01.189977
34,42,click,2026-04-11T12:40:01.189977
94,16,view,2026-03-25T03:48:01.189977
11,30,add_to_cart,2026-04-13T06:35:01.189977
60,10,view,2026-03-27T14:45:01.189977
96,35,add_to_cart,2026-03-06T23:27:01.189977
9,25,view,2026-04-27T17:51:01.189977
46,30,view,2026-03-14T11:09:01.189977
22,22,view,2026-03-24T18:32:01.189977
58,29,view,2026-03-26T05:00:01.189977
88,27,add_to_cart,2026-04-21T13:27:01.189977
54,25,view,2026-03-15T22:59:01.189977
69,5,view,2026-05-25T14:40:01.189977
94,43,view,2026-05-02T03:49:01.189977
90,21,click,2026-03-23T14:40:01.189977
83,23,add_to_cart,2026-03-10T03:52:01.189977
8,22,view,2026-04-14T11:51:01.189977
32,16,view,2026-05-07T03:56:01.189977
62,39,add_to_cart,2026-04-24T03:39:01.189977
22,28,click,2026-04-18T18:28:01.189977
74,13,view,2026-04-02T21:29:01.189977
85,42,view,2026-05-24T21:10:01.189977
7,7,view,2026-04-21T04:31:01.189977
58,47,add_to_cart,2026-03-18T12:08:01.189977
94,38,purchase,2026-04-02T07:07:01.189977
41,2,click,2026-03-27T02:20:01.189977
50,25,view,2026-03-17T10:54:01.189977
48,46,view,2026-04-22T12:33:01.189977
59,14,view,2026-05-01T10:26:01.189977
2,12,add_to_cart,2026-03-10T13:18:01.189977
48,40,add_to_cart,2026-04-25T23:28:01.189977
18,13,view,2026-04-17T18:18:01.189977
9,21,view,2026-03-11T05:22:01.189977
57,11,view,2026-04-29T23:07:01.189977
47,31,view,2026-05-28T07:40:01.189977
20,3,add_to_cart,2026-03-24T15:18:01.189977
73,21,add_to_cart,2026-03-17T18:58:01.189977
31,26,view,2026-05-03T04:27:01.189977
10,23,view,2026-05-28T03:08:01.189977
34,10,purchase,2026-05-07T04:06:01.189977
80,17,view,2026-04-20T19:44:01.189977
75,40,add_to_cart,2026-05-04T08:09:01.189977
28,26,view,2026-03-13T03:12:01.189977
17,45,click,2026-04-01T08:07:01.189977
7,23,view,2026-05-21T13:50:01.189977
32,4,view,2026-04-14T13:23:01.189977
24,38,click,2026-05-06T00:27:01.189977
83,49,view,2026-05-26T19:21:01.189977
13,21,view,2026-04-10T22:59:01.189977
22,46,add_to_cart,2026-05-04T16:17:01.189977
89,12,click,2026-04-07T19:12:01.189977
13,17,view,2026-04-09T04:20:01.189977
94,2,view,2026-04-15T22:03:01.189977
7,34,purchase,2026-05-24T01:07:01.189977
47,45,view,2026-05-09T09:06:01.189977
12,27,view,2026-05-21T01:55:01.189977
44,25,view,2026-05-23T23:02:01.189977
39,7,add_to_cart,2026-04-19T11:37:01.189977
14,32,purchase,2026-03-18T11:08:01.189977
87,15,add_to_cart,2026-05-14T11:55:01.189977
20,35,add_to_cart,2026-05-04T16:36:01.189977
67,15,purchase,2026-03-05T01:52:01.189977
90,41,view,2026-03-02T22:33:01.189977
80,31,view,2026-03-08T20:51:01.189977
4,42,add_to_cart,2026-05-20T15:11:01.189977
73,23,view,2026-03-11T11:18:01.189977
97,49,view,2026-04-23T19:40:01.189977
56,46,click,2026-05-21T08:33:01.189977
1,33,purchase,2026-05-23T08:47:01.189977
43,12,click,2026-04-27T12:10:01.189977
85,35,view,2026-05-04T07:25:01.189977
84,38,view,2026-03-11T13:28:01.189977
1,11,view,2026-04-02T07:05:01.189977
25,38,click,2026-04-30T05:27:01.189977
31,36,add_to_cart,2026-04-06T19:07:01.189977
71,7,click,2026-04-25T11:36:01.189977
61,19,view,2026-05-01T06:07:01.189977
37,32,add_to_cart,2026-04-23T15:36:01.189977
57,35,view,2026-03-15T03:14:01.189977
33,38,view,2026-03-12T22:11:01.189977
29,17,add_to_cart,2026-03-25T09:10:01.189977
56,4,view,2026-04-25T00:17:01.189977
57,1,click,2026-04-18T21:02:01.189977
30,27,view,2026-03-30T11:55:01.189977
63,33,add_to_cart,2026-04-28T04:25:01.189977
52,28,purchase,2026-03-08T06:49:01.189977
33,46,view,2026-05-19T01:52:01.189977
25,10,purchase,2026-03-19T20:26:01.189977
69,25,view,2026-04-04T22:41:01.189977
67,45,view,2026-03-13T11:50:01.189977
15,12,view,2026-05-04T13:58:01.189977
14,39,view,2026-04-06T23:29:01.189977
52,42,click,2026-04-11T08:15:01.189977
91,29,view,2026-04-04T09:58:01.189977
63,8,add_to_cart,2026-05-15T16:18:01.189977
35,5,view,2026-03-23T19:14:01.189977
19,21,add_to_cart,2026-03-07T14:29:01.189977
45,16,view,2026-04-02T06:48:01.189977
28,46,view,2026-05-09T04:40:01.189977
74,23,purchase,2026-04-21T06:41:01.189977
74,34,view,2026-05-20T06:23:01.189977
10,27,click,2026-03-13T06:08:01.189977
52,21,view,2026-05-31T10:47:01.189977
55,22,view,2026-05-06T22:13:01.189977
41,13,view,2026-05-15T10:49:01.189977
68,32,view,2026-05-15T13:44:01.189977
16,32,add_to_cart,2026-04-10T23:42:01.189977
24,8,view,2026-03-18T07:06:01.189977
12,12,click,2026-05-23T15:28:01.189977
64,5,view,2026-04-14T04:49:01.189977
98,17,view,2026-03-14T02:51:01.189977
37,46,add_to_cart,2026-04-13T04:10:01.189977
75,27,view,2026-03-07T00:01:01.189977
55,13,view,2026-04-19T14:58:01.189977
97,34,view,2026-05-21T07:36:01.189977
29,33,click,2026-04-29T11:00:01.189977
39,31,purchase,2026-03-27T02:46:01.189977
91,11,view,2026-03-11T18:52:01.189977
97,50,view,2026-04-19T01:35:01.189977
41,3,add_to_cart,2026-05-08T23:08:01.189977
15,26,click,2026-03-09T08:18:01.189977
81,44,click,2026-04-26T09:29:01.189977
14,14,view,2026-03-29T23:26:01.189977
70,17,add_to_cart,2026-05-28T08:29:01.189977
72,14,view,2026-03-20T12:39:01.189977
19,11,view,2026-04-07T11:52:01.189977
28,9,view,2026-04-03T15:48:01.189977
39,47,click,2026-05-26T21:04:01.189977
62,36,view,2026-04-20T05:03:01.189977
20,42,view,2026-03-11T20:28:01.189977
20,37,view,2026-03-20T14:02:01.189977
35,37,view,2026-03-09T19:31:01.189977
12,43,view,2026-04-12T22:00:01.189977
14,44,view,2026-04-16T20:20:01.189977
38,47,view,2026-03-08T02:29:01.189977
38,36,purchase,2026-04-05T05:16:01.189977
53,3,view,2026-05-13T14:06:01.189977
98,48,view,2026-05-08T23:17:01.189977
7,1,add_to_cart,2026-03-17T06:15:01.189977
14,29,add_to_cart,2026-04-24T03:59:01.189977
78,29,click,2026-05-25T09:55:01.189977
9,6,view,2026-04-21T02:23:01.189977
77,40,view,2026-05-06T18:05:01.189977
63,50,view,2026-03-06T08:30:01.189977
43,25,view,2026-03-31T04:36:01.189977
79,27,view,2026-03-14T10:16:01.189977
6,4,view,2026-04-10T13:24:01.189977
37,44,view,2026-03-16T04:07:01.189977
12,46,view,2026-04-08T16:35:01.189977
70,39,view,2026-03-27T16:42:01.189977
2,35,click,2026-04-05T15:03:01.189977
10,15,click,2026-04-13T05:02:01.189977
13,37,view,2026-03-08T01:31:01.189977
46,23,view,2026-03-24T03:43:01.189977
85,9,click,2026-05-18T09:31:01.189977
12,24,view,2026-04-06T07:34:01.189977
75,25,click,2026-03-28T18:05:01.189977
91,49,view,2026-05-05T11:56:01.189977
46,34,click,2026-05-13T06:23:01.189977
58,43,click,2026-03-10T02:13:01.189977
52,20,view,2026-05-25T01:35:01.189977
89,41,view,2026-03-30T04:10:01.189977
24,49,view,2026-05-26T13:30:01.189977
81,35,view,2026-04-25T09:35:01.189977
64,45,click,2026-04-01T01:05:01.189977
30,42,click,2026-03-18T15:30:01.189977
13,45,view,2026-04-13T08:19:01.189977
50,39,add_to_cart,2026-04-28T21:37:01.189977
25,23,add_to_cart,2026-05-20T20:42:01.189977
66,23,click,2026-03-14T06:36:01.189977
92,20,click,2026-03-20T16:42:01.189977
56,11,view,2026-03-23T17:25:01.189977
18,46,view,2026-03-20T12:37:01.189977
85,49,view,2026-03-27T15:18:01.189977
92,42,view,2026-04-23T19:45:01.189977
13,3,add_to_cart,2026-05-03T06:27:01.189977
29,17,add_to_cart,2026-05-11T15:42:01.189977
15,42,view,2026-03-02T15:56:01.189977
12,28,view,2026-05-22T22:13:01.189977
24,37,view,2026-05-30T00:39:01.189977
57,1,view,2026-03-03T20:45:01.189977
47,37,view,2026-04-25T02:16:01.189977
85,3,click,2026-04-24T21:55:01.189977
23,17,view,2026-05-23T01:20:01.189977
100,1,add_to_cart,2026-04-03T23:47:01.189977
82,40,view,2026-03-04T15:25:01.189977
59,31,add_to_cart,2026-04-23T18:02:01.189977
31,21,add_to_cart,2026-03-17T02:27:01.189977
26,44,add_to_cart,2026-05-15T09:19:01.189977
9,31,add_to_cart,2026-03-19T06:58:01.189977
86,44,view,2026-05-27T21:32:01.189977
97,20,add_to_cart,2026-04-05T03:24:01.189977
45,37,view,2026-05-25T11:00:01.189977
34,34,view,2026-03-14T13:54:01.189977
23,41,view,2026-03-13T11:44:01.189977
28,19,view,2026-05-27T02:44:01.189977
31,30,click,2026-03-31T09:12:01.189977
57,43,view,2026-05-29T07:32:01.189977
10,48,click,2026-05-17T01:33:01.189977
36,43,view,2026-03-22T23:37:01.189977
74,5,view,2026-05-06T01:04:01.189977
19,2,view,2026-03-27T11:04:01.189977
67,38,click,2026-03-22T13:09:01.189977
75,10,click,2026-05-13T08:55:01.189977
57,16,view,2026-04-08T11:16:01.189977
34,12,add_to_cart,2026-04-01T13:35:01.189977
7,17,click,2026-03-27T10:03:01.189977
98,27,click,2026-05-01T23:39:01.189977
89,11,add_to_cart,2026-03-12T10:03:01.189977
9,29,view,2026-04-09T11:44:01.189977
25,6,click,2026-04-21T11:02:01.189977
50,31,view,2026-04-01T12:52:01.189977
60,49,view,2026-05-09T11:52:01.189977
81,24,view,2026-05-15T10:12:01.189977
32,28,view,2026-05-13T21:38:01.189977
1,4,click,2026-05-14T01:30:01.189977
35,36,view,2026-03-11T22:31:01.189977
82,5,view,2026-03-07T19:10:01.189977
49,33,view,2026-05-30T08:20:01.189977
89,35,view,2026-04-15T11:43:01.189977
92,22,view,2026-05-24T01:01:01.189977
66,20,purchase,2026-04-23T14:24:01.189977
12,38,add_to_cart,2026-05-03T01:00:01.189977
65,44,add_to_cart,2026-05-29T11:34:01.189977
45,41,click,2026-04-14T07:59:01.189977
83,29,view,2026-03-27T09:05:01.189977
94,49,view,2026-05-25T11:51:01.189977
52,2,click,2026-04-13T16:06:01.189977
28,9,add_to_cart,2026-03-25T20:06:01.189977
79,50,view,2026-05-25T18:46:01.189977
6,2,add_to_cart,2026-03-26T17:57:01.189977
50,1,add_to_cart,2026-05-25T22:01:01.189977
70,39,purchase,2026-05-17T01:41:01.189977
2,42,view,2026-03-26T02:49:01.189977
84,32,add_to_cart,2026-04-23T09:37:01.189977
2,2,add_to_cart,2026-05-03T07:55:01.189977
94,14,view,2026-05-24T08:09:01.189977
42,21,view,2026-05-29T17:49:01.189977
65,46,click,2026-03-14T10:32:01.189977
90,35,view,2026-03-08T12:06:01.189977
25,17,view,2026-05-16T01:29:01.189977
62,34,click,2026-03-05T18:37:01.189977
26,44,view,2026-04-05T16:20:01.189977
41,37,click,2026-04-18T00:01:01.189977
43,34,view,2026-04-18T00:15:01.189977
26,30,view,2026-05-27T14:04:01.189977
89,35,view,2026-03-27T16:49:01.189977
64,46,click,2026-03-30T04:52:01.189977
96,26,view,2026-04-14T13:12:01.189977
74,8,add_to_cart,2026-05-10T20:33:01.189977
21,11,view,2026-03-15T17:09:01.189977
44,25,view,2026-05-04T22:00:01.189977
81,20,view,2026-04-17T20:10:01.189977
67,21,add_to_cart,2026-05-29T16:45:01.189977
58,32,add_to_cart,2026-04-27T08:27:01.189977
89,22,click,2026-03-13T21:16:01.189977
9,50,click,2026-05-06T05:36:01.189977
76,23,view,2026-04-26T05:36:01.189977
77,27,view,2026-04-22T07:17:01.189977
38,48,view,2026-04-20T09:08:01.189977
36,15,click,2026-05-20T13:53:01.189977
3,8,add_to_cart,2026-05-11T08:40:01.189977
100,4,view,2026-04-24T09:38:01.189977
98,32,view,2026-04-19T17:24:01.189977
36,24,view,2026-03-10T05:09:01.189977
63,31,view,2026-03-28T14:23:01.189977
1,40,purchase,2026-03-16T15:22:01.189977
53,9,view,2026-04-15T09:07:01.189977
15,39,view,2026-03-16T11:58:01.189977
69,50,view,2026-05-04T05:35:01.189977
86,20,purchase,2026-04-09T05:09:01.189977
7,1,add_to_cart,2026-03-31T15:10:01.189977
41,37,click,2026-04-07T01:40:01.189977
26,45,click,2026-03-13T05:10:01.189977
100,28,view,2026-05-09T17:41:01.189977
43,28,view,2026-03-13T06:28:01.189977
68,5,add_to_cart,2026-05-21T15:13:01.189977
81,28,add_to_cart,2026-03-06T20:33:01.189977
20,39,click,2026-03-26T13:54:01.189977
35,18,add_to_cart,2026-03-13T00:51:01.189977
14,46,view,2026-03-21T15:42:01.189977
93,35,view,2026-03-29T09:47:01.189977
36,11,click,2026-04-24T10:04:01.189977
89,48,view,2026-03-18T05:23:01.189977
64,37,view,2026-04-24T09:29:01.189977
79,50,click,2026-05-13T11:21:01.189977
67,34,view,2026-04-14T06:05:01.189977
64,16,purchase,2026-04-08T20:19:01.189977
86,2,view,2026-03-15T01:45:01.189977
57,4,purchase,2026-04-28T05:58:01.189977
96,3,view,2026-05-15T17:14:01.189977
57,38,click,2026-04-11T06:37:01.189977
43,50,click,2026-03-29T15:24:01.189977
80,33,view,2026-05-15T23:01:01.189977
16,11,view,2026-05-10T04:35:01.189977
1,22,click,2026-04-09T01:48:01.189977
20,21,add_to_cart,2026-05-20T12:44:01.189977
10,40,view,2026-04-12T11:28:01.189977
99,19,purchase,2026-04-03T18:09:01.189977
19,9,view,2026-03-31T05:15:01.189977
74,18,view,2026-04-26T18:10:01.189977
83,17,view,2026-04-15T05:02:01.189977
86,11,view,2026-03-05T07:45:01.189977
39,2,view,2026-04-15T04:14:01.189977
60,7,view,2026-03-09T19:10:01.189977
38,10,view,2026-05-29T16:17:01.189977
69,2,view,2026-05-16T02:17:01.189977
99,3,click,2026-03-20T21:26:01.189977
85,37,view,2026-05-13T14:00:01.189977
92,19,click,2026-05-14T08:46:01.189977
11,20,add_to_cart,2026-05-20T06:15:01.189977
36,9,view,2026-03-27T11:23:01.189977
83,33,view,2026-03-18T09:23:01.189977
23,11,click,2026-03-09T10:56:01.189977
76,31,view,2026-05-21T23:14:01.189977
72,34,view,2026-04-29T09:17:01.189977
76,11,view,2026-04-27T08:16:01.189977
50,37,view,2026-05-01T11:01:01.189977
51,35,add_to_cart,2026-03-27T00:00:01.189977
28,50,click,2026-03-20T11:51:01.189977
83,37,view,2026-04-07T22:22:01.189977
12,3,view,2026-03-26T20:32:01.189977
66,11,view,2026-05-03T01:17:01.189977
23,2,view,2026-03-29T04:05:01.189977
95,27,add_to_cart,2026-03-18T15:52:01.189977
57,1,view,2026-03-14T04:51:01.189977
43,27,add_to_cart,2026-03-07T05:24:01.189977
82,47,add_to_cart,2026-03-11T10:37:01.189977
57,34,purchase,2026-05-02T21:53:01.189977
54,10,click,2026-04-21T03:48:01.189977
15,6,click,2026-05-28T12:15:01.189977
57,29,view,2026-03-27T23:33:01.189977
91,37,view,2026-05-27T04:36:01.189977
10,15,click,2026-05-11T01:27:01.189977
5,37,purchase,2026-03-19T20:41:01.189977
47,29,view,2026-03-25T17:27:01.189977
28,20,add_to_cart,2026-04-24T05:25:01.189977
96,17,view,2026-03-16T19:16:01.189977
29,35,purchase,2026-04-24T20:24:01.189977
30,34,view,2026-03-15T14:06:01.189977
13,11,click,2026-04-22T05:35:01.189977
45,4,view,2026-05-12T15:27:01.189977
84,20,click,2026-05-10T14:45:01.189977
91,35,view,2026-05-28T20:33:01.189977
28,27,view,2026-05-20T12:04:01.189977
26,41,view,2026-04-26T20:37:01.189977
67,49,click,2026-04-20T03:56:01.189977
44,48,add_to_cart,2026-03-18T16:45:01.189977
33,32,view,2026-03-08T10:12:01.189977
7,29,click,2026-03-13T22:21:01.189977
63,2,click,2026-04-13T18:33:01.189977
43,37,view,2026-03-22T11:37:01.189977
42,37,add_to_cart,2026-05-26T14:31:01.189977
28,25,view,2026-05-12T02:52:01.189977
73,17,add_to_cart,2026-05-26T06:08:01.189977
39,48,view,2026-05-22T07:14:01.189977
15,9,view,2026-03-26T06:58:01.189977
33,38,view,2026-05-07T03:58:01.189977
84,6,view,2026-03-05T08:20:01.189977
66,41,purchase,2026-05-21T01:57:01.189977
9,49,view,2026-03-31T14:26:01.189977
90,20,view,2026-05-13T13:30:01.189977
31,8,view,2026-04-18T06:14:01.189977
67,30,click,2026-05-24T13:19:01.189977
14,37,view,2026-03-17T15:20:01.189977
28,17,view,2026-05-24T08:58:01.189977
68,42,view,2026-04-10T10:14:01.189977
77,1,view,2026-04-24T07:14:01.189977
7,24,view,2026-04-18T08:52:01.189977
61,41,view,2026-05-05T11:16:01.189977
100,38,click,2026-05-21T11:13:01.189977
20,40,click,2026-05-06T21:03:01.189977
69,26,view,2026-04-16T03:16:01.189977
100,5,view,2026-03-20T00:59:01.189977
78,12,click,2026-04-20T19:06:01.189977
86,11,click,2026-04-12T00:04:01.189977
92,24,add_to_cart,2026-05-20T06:49:01.189977
20,33,view,2026-05-21T23:51:01.189977
34,28,click,2026-04-02T00:57:01.189977
74,49,click,2026-04-27T19:59:01.189977
80,4,view,2026-04-16T22:25:01.189977
93,11,purchase,2026-03-04T05:09:01.189977
53,12,view,2026-03-09T17:15:01.189977
26,39,view,2026-04-16T16:16:01.189977
8,39,click,2026-03-20T20:56:01.189977
25,32,view,2026-03-11T00:28:01.189977
93,34,view,2026-04-25T08:09:01.189977
82,45,click,2026-03-17T10:23:01.189977
15,38,view,2026-05-10T07:56:01.189977
45,26,view,2026-03-21T07:13:01.189977
92,15,view,2026-05-26T11:15:01.189977
93,24,view,2026-03-04T12:39:01.189977
95,18,view,2026-05-15T13:27:01.189977
80,30,purchase,2026-05-06T17:14:01.189977
49,22,click,2026-05-12T07:29:01.189977
52,29,purchase,2026-05-23T03:04:01.189977
77,2,view,2026-03-25T01:03:01.189977
50,4,view,2026-05-01T22:15:01.189977
67,46,click,2026-03-11T10:23:01.189977
40,17,view,2026-05-21T22:56:01.189977
45,7,view,2026-03-21T05:17:01.189977
23,17,view,2026-04-08T23:26:01.189977
48,37,view,2026-03-22T12:47:01.189977
33,50,view,2026-03-15T03:41:01.189977
91,21,view,2026-03-09T03:41:01.189977
48,32,click,2026-04-04T16:18:01.189977
41,38,view,2026-04-01T21:31:01.189977
38,17,view,2026-04-19T04:56:01.189977
29,28,view,2026-03-12T16:35:01.189977
46,37,view,2026-04-23T00:16:01.189977
33,20,view,2026-05-28T11:34:01.189977
75,13,view,2026-04-18T20:47:01.189977
2,33,view,2026-03-05T07:53:01.189977
7,34,view,2026-04-05T08:36:01.189977
18,24,view,2026-05-07T17:45:01.189977
50,10,view,2026-04-18T03:10:01.189977
22,47,view,2026-03-07T02:26:01.189977
2,31,add_to_cart,2026-05-21T05:49:01.189977
15,3,click,2026-04-20T13:50:01.189977
67,44,purchase,2026-03-20T21:00:01.189977
58,27,view,2026-03-10T15:41:01.189977
95,14,click,2026-03-08T15:18:01.189977
57,40,view,2026-04-23T07:22:01.189977
90,1,click,2026-04-26T10:23:01.189977
85,17,click,2026-04-07T19:53:01.189977
57,40,view,2026-04-19T23:43:01.189977
2,25,view,2026-05-12T06:13:01.189977
1,17,view,2026-05-15T11:45:01.189977
95,49,view,2026-03-11T12:01:01.189977
70,37,view,2026-05-31T06:10:01.189977
62,20,add_to_cart,2026-03-11T11:15:01.189977
16,34,click,2026-05-11T15:50:01.189977
65,41,click,2026-03-08T05:35:01.189977
85,49,purchase,2026-05-07T22:34:01.189977
22,18,view,2026-03-17T17:08:01.189977
20,48,click,2026-05-30T06:52:01.189977
22,39,view,2026-03-04T20:15:01.189977
43,27,click,2026-03-26T05:49:01.189977
39,18,view,2026-03-11T03:11:01.189977
10,38,view,2026-04-26T07:02:01.189977
68,48,purchase,2026-05-27T14:24:01.189977
27,47,click,2026-03-23T22:35:01.189977
79,39,purchase,2026-04-12T17:11:01.189977
97,43,click,2026-03-14T11:35:01.189977
19,15,view,2026-03-10T05:54:01.189977
1,33,view,2026-05-02T10:47:01.189977
33,11,click,2026-03-28T03:50:01.189977
49,15,view,2026-05-09T10:27:01.189977
27,4,click,2026-03-25T11:50:01.189977
43,4,view,2026-05-01T09:05:01.189977
65,45,view,2026-04-17T04:20:01.189977
94,30,view,2026-03-13T18:31:01.189977
37,15,add_to_cart,2026-04-27T18:01:01.189977
13,41,view,2026-03-23T17:31:01.189977
60,29,view,2026-03-20T03:48:01.189977
20,44,view,2026-03-23T16:13:01.189977
69,47,view,2026-05-01T23:46:01.189977
90,27,view,2026-04-07T19:31:01.189977
3,15,view,2026-04-13T04:14:01.189977
49,17,view,2026-04-06T20:40:01.189977
9,30,view,2026-04-05T23:48:01.189977
58,43,click,2026-05-15T18:56:01.189977
45,2,view,2026-03-14T02:35:01.189977
52,31,click,2026-05-19T00:05:01.189977
85,45,purchase,2026-05-16T00:10:01.189977
43,18,add_to_cart,2026-03-31T00:54:01.189977
29,1,click,2026-05-17T21:59:01.189977
81,34,view,2026-04-10T15:01:01.189977
45,46,view,2026-03-09T15:43:01.189977
17,36,add_to_cart,2026-04-27T01:40:01.189977
99,1,view,2026-05-22T22:22:01.189977
86,27,click,2026-05-02T08:35:01.189977
4,21,click,2026-05-11T15:58:01.189977
93,20,view,2026-04-03T03:46:01.189977
76,45,view,2026-05-16T05:07:01.189977
63,7,view,2026-03-10T17:32:01.189977
33,23,view,2026-03-26T14:17:01.189977
11,13,view,2026-04-20T18:30:01.189977
70,1,view,2026-03-25T11:23:01.189977
14,20,view,2026-05-09T09:48:01.189977
29,13,view,2026-05-24T06:10:01.189977
61,8,click,2026-05-24T15:59:01.189977
8,33,click,2026-05-13T21:30:01.189977
54,47,view,2026-03-31T17:01:01.189977
89,23,add_to_cart,2026-04-28T15:32:01.189977
27,19,view,2026-03-10T09:29:01.189977
73,16,view,2026-04-24T22:33:01.189977
100,31,add_to_cart,2026-05-30T12:22:01.189977
92,13,click,2026-05-20T01:51:01.189977
11,24,view,2026-04-13T16:49:01.189977
70,26,view,2026-03-13T21:26:01.189977
90,31,view,2026-04-18T21:02:01.189977
93,3,add_to_cart,2026-03-06T01:20:01.189977
87,20,view,2026-05-27T22:18:01.189977
34,31,click,2026-04-02T21:24:01.189977
8,41,view,2026-05-03T11:29:01.189977
33,26,add_to_cart,2026-04-01T23:19:01.189977
74,7,click,2026-04-12T11:46:01.189977
2,35,purchase,2026-04-08T02:44:01.189977
33,24,view,2026-05-25T04:04:01.189977
11,38,click,2026-03-19T15:31:01.189977
64,43,view,2026-04-18T01:12:01.189977
28,26,add_to_cart,2026-04-02T10:54:01.189977
11,11,view,2026-05-19T17:16:01.189977
86,40,click,2026-03-29T00:50:01.189977
16,4,click,2026-03-23T08:42:01.189977
75,9,purchase,2026-03-12T15:50:01.189977
86,26,click,2026-04-21T13:58:01.189977
99,49,view,2026-05-30T22:15:01.189977
47,17,click,2026-05-29T13:26:01.189977
95,8,view,2026-05-18T14:07:01.189977
38,25,click,2026-03-05T22:55:01.189977
44,24,view,2026-05-05T10:19:01.189977
59,11,view,2026-05-22T12:12:01.189977
51,18,view,2026-04-09T19:48:01.189977
3,28,view,2026-03-07T14:37:01.189977
51,36,purchase,2026-03-11T22:02:01.189977
32,26,view,2026-04-21T17:25:01.189977
18,12,view,2026-05-20T01:49:01.189977
20,30,add_to_cart,2026-04-07T04:16:01.189977
29,25,view,2026-05-12T04:13:01.189977
93,1,view,2026-05-18T19:29:01.189977
88,23,view,2026-03-06T11:32:01.189977
65,41,view,2026-04-29T06:52:01.189977
68,45,view,2026-03-28T18:05:01.189977
58,7,view,2026-04-14T06:33:01.189977
38,43,add_to_cart,2026-03-11T11:54:01.189977
47,35,add_to_cart,2026-03-02T19:27:01.189977
31,19,view,2026-03-31T16:22:01.189977
10,16,view,2026-05-04T13:30:01.189977
33,43,add_to_cart,2026-04-26T01:56:01.189977
64,11,view,2026-03-30T01:23:01.189977
52,42,click,2026-04-18T22:36:01.189977
24,40,click,2026-03-27T20:54:01.189977
88,15,click,2026-04-22T12:14:01.189977
18,14,view,2026-05-17T02:07:01.189977
54,48,view,2026-05-11T01:08:01.189977
15,18,add_to_cart,2026-05-21T02:58:01.189977
63,40,click,2026-04-05T20:06:01.189977
17,31,click,2026-04-21T08:50:01.189977
19,8,add_to_cart,2026-03-23T03:24:01.189977
28,19,view,2026-04-15T18:14:01.189977
56,15,click,2026-04-11T01:25:01.189977
95,41,add_to_cart,2026-04-13T02:27:01.189977
84,17,click,2026-04-28T16:12:01.189977
42,17,view,2026-05-19T05:57:01.189977
33,34,view,2026-03-26T14:54:01.189977
23,20,view,2026-03-08T08:42:01.189977
16,6,view,2026-04-23T19:34:01.189977
59,30,add_to_cart,2026-04-24T06:32:01.189977
27,3,view,2026-03-31T04:00:01.189977
26,1,view,2026-04-06T14:21:01.189977
47,27,view,2026-03-24T10:24:01.189977
32,4,click,2026-05-29T17:17:01.189977
28,31,view,2026-05-25T10:31:01.189977
94,23,view,2026-04-04T01:38:01.189977
23,20,view,2026-04-21T09:19:01.189977
48,36,add_to_cart,2026-05-24T16:40:01.189977
55,7,click,2026-04-14T06:23:01.189977
99,47,add_to_cart,2026-04-01T19:34:01.189977
42,45,view,2026-04-27T09:05:01.189977
58,10,view,2026-05-26T02:42:01.189977
58,32,view,2026-05-04T01:09:01.189977
70,29,view,2026-04-30T17:31:01.189977
62,24,purchase,2026-03-06T09:56:01.189977
41,43,view,2026-05-19T14:33:01.189977
49,16,view,2026-03-17T06:48:01.189977
60,25,view,2026-05-09T12:47:01.189977
79,38,add_to_cart,2026-04-24T18:33:01.189977
36,11,view,2026-04-27T15:04:01.189977
88,7,click,2026-05-23T04:51:01.189977
27,50,view,2026-04-20T12:11:01.189977
12,33,view,2026-05-31T10:25:01.189977
97,4,purchase,2026-05-10T19:03:01.189977
51,5,view,2026-03-05T03:42:01.189977
94,5,view,2026-04-06T16:14:01.189977
63,35,view,2026-03-06T19:07:01.189977
12,13,view,2026-03-08T09:38:01.189977
48,2,view,2026-05-04T19:07:01.189977
25,17,view,2026-04-17T07:46:01.189977
72,37,view,2026-03-24T23:19:01.189977
56,38,view,2026-03-31T01:20:01.189977
84,48,click,2026-04-21T14:22:01.189977
28,23,view,2026-04-06T18:01:01.189977
39,17,view,2026-04-14T12:43:01.189977
76,25,click,2026-04-25T22:43:01.189977
85,11,view,2026-05-07T01:15:01.189977
76,2,view,2026-05-11T13:53:01.189977
45,32,view,2026-03-25T10:31:01.189977
68,42,click,2026-03-04T09:36:01.189977
26,13,view,2026-05-19T21:40:01.189977
92,48,add_to_cart,2026-05-24T13:28:01.189977
55,23,add_to_cart,2026-04-11T23:19:01.189977
29,19,view,2026-05-13T11:42:01.189977
32,27,click,2026-04-02T15:58:01.189977
87,40,view,2026-05-19T22:30:01.189977
37,9,view,2026-03-14T21:10:01.189977
85,36,view,2026-05-05T16:57:01.189977
85,48,add_to_cart,2026-03-27T21:08:01.189977
26,22,view,2026-04-24T05:43:01.189977
70,28,view,2026-05-06T09:14:01.189977
10,25,view,2026-03-11T13:57:01.189977
28,42,add_to_cart,2026-03-18T10:10:01.189977
91,45,view,2026-03-28T03:56:01.189977
22,7,add_to_cart,2026-04-09T17:46:01.189977
93,44,view,2026-05-09T09:40:01.189977
12,45,view,2026-05-08T01:33:01.189977
34,14,view,2026-05-15T08:13:01.189977
48,27,add_to_cart,2026-03-14T22:08:01.189977
73,9,purchase,2026-04-21T05:48:01.189977
19,4,purchase,2026-05-10T22:05:01.189977
77,44,add_to_cart,2026-05-05T20:37:01.189977
74,41,view,2026-03-07T22:52:01.189977
79,1,view,2026-05-17T15:03:01.189977
31,17,add_to_cart,2026-05-25T03:12:01.189977
83,36,view,2026-05-06T15:05:01.189977
92,28,purchase,2026-04-20T13:48:01.189977
59,41,view,2026-03-26T20:23:01.189977
2,45,add_to_cart,2026-05-07T17:33:01.189977
59,7,view,2026-05-13T17:28:01.189977
17,13,view,2026-03-17T10:03:01.189977
74,32,view,2026-05-14T10:09:01.189977
18,34,view,2026-03-29T07:15:01.189977
19,12,view,2026-05-14T07:40:01.189977
89,8,add_to_cart,2026-05-02T15:50:01.189977
24,35,view,2026-05-10T06:50:01.189977
15,20,view,2026-03-03T20:36:01.189977
23,2,view,2026-03-21T01:00:01.189977
82,42,view,2026-05-07T09:15:01.189977
14,24,click,2026-05-01T04:09:01.189977
9,24,view,2026-05-27T08:30:01.189977
25,11,click,2026-04-04T14:40:01.189977
52,17,view,2026-05-12T10:24:01.189977
26,9,view,2026-05-30T04:31:01.189977
31,9,add_to_cart,2026-04-30T22:29:01.189977
30,36,view,2026-05-13T22:00:01.189977
67,41,view,2026-04-02T11:23:01.189977
22,36,add_to_cart,2026-03-14T04:30:01.189977
81,33,view,2026-05-05T08:58:01.189977
72,37,view,2026-05-17T02:22:01.189977
47,21,view,2026-03-27T07:08:01.189977
42,26,add_to_cart,2026-03-15T16:37:01.189977
1,27,add_to_cart,2026-04-11T05:35:01.189977
42,26,click,2026-03-07T18:28:01.189977
69,46,view,2026-05-30T17:47:01.189977
37,11,click,2026-05-05T06:58:01.189977
93,19,view,2026-05-20T03:47:01.189977
43,3,view,2026-04-28T19:23:01.189977
58,48,view,2026-04-30T23:02:01.189977
92,35,view,2026-05-23T03:13:01.189977
36,43,view,2026-05-15T08:31:01.189977
93,41,view,2026-03-30T21:07:01.189977
96,26,view,2026-03-06T22:41:01.189977
80,30,click,2026-05-16T03:51:01.189977
76,38,view,2026-04-06T09:15:01.189977
36,20,add_to_cart,2026-05-14T08:08:01.189977
7,14,view,2026-04-10T14:59:01.189977
68,29,view,2026-03-17T19:28:01.189977
39,50,click,2026-03-19T00:56:01.189977
85,20,view,2026-03-29T17:29:01.189977
89,29,view,2026-04-08T10:45:01.189977
91,21,click,2026-04-05T23:28:01.189977
91,16,click,2026-03-05T04:14:01.189977
98,29,view,2026-05-12T14:45:01.189977
27,27,view,2026-05-23T17:40:01.189977
42,25,purchase,2026-04-12T18:54:01.189977
86,27,purchase,2026-03-07T07:56:01.189977
22,5,view,2026-05-05T08:09:01.189977
37,7,view,2026-04-24T00:43:01.189977
91,12,view,2026-04-26T11:48:01.189977
16,27,view,2026-05-29T07:49:01.189977
15,48,click,2026-03-10T15:11:01.189977
58,49,purchase,2026-04-29T10:45:01.189977
85,50,view,2026-04-06T08:30:01.189977
94,9,purchase,2026-04-09T18:25:01.189977
56,46,view,2026-03-15T06:33:01.189977
51,17,add_to_cart,2026-04-13T08:46:01.189977
54,17,add_to_cart,2026-03-23T03:32:01.189977
37,1,add_to_cart,2026-04-08T22:28:01.189977
46,45,view,2026-05-12T22:56:01.189977
44,35,add_to_cart,2026-05-08T15:37:01.189977
46,50,click,2026-04-24T07:45:01.189977
83,23,view,2026-03-18T09:32:01.189977
42,24,view,2026-03-07T01:30:01.189977
14,35,add_to_cart,2026-03-25T11:56:01.189977
27,2,view,2026-04-07T20:33:01.189977
38,23,click,2026-05-13T13:58:01.189977
93,1,view,2026-04-20T14:57:01.189977
97,22,view,2026-03-19T15:16:01.189977
52,19,view,2026-05-22T06:14:01.189977
94,17,view,2026-05-06T18:36:01.189977
17,26,click,2026-05-08T09:30:01.189977
18,13,view,2026-03-14T13:00:01.189977
49,25,purchase,2026-03-02T21:48:01.189977
27,49,view,2026-04-21T01:54:01.189977
45,35,view,2026-04-06T00:50:01.189977
9,9,view,2026-05-05T20:55:01.189977
46,34,view,2026-04-19T13:04:01.189977
71,15,add_to_cart,2026-03-07T13:57:01.189977
61,11,view,2026-05-28T17:49:01.189977
78,15,click,2026-05-01T13:19:01.189977
1,11,view,2026-03-18T13:22:01.189977
15,18,click,2026-03-06T11:05:01.189977
50,24,click,2026-03-05T09:31:01.189977
44,14,click,2026-03-29T09:32:01.189977
93,41,purchase,2026-03-24T02:52:01.189977
93,32,view,2026-04-20T16:02:01.189977
6,34,view,2026-05-17T07:56:01.189977
11,8,view,2026-04-25T05:14:01.189977
45,38,view,2026-05-23T10:33:01.189977
22,6,view,2026-04-21T17:43:01.189977
59,18,add_to_cart,2026-05-15T03:07:01.189977
19,29,view,2026-04-09T09:11:01.189977
71,46,view,2026-03-02T20:29:01.189977
58,47,click,2026-03-06T11:48:01.189977
35,48,add_to_cart,2026-05-26T15:58:01.189977
84,20,view,2026-03-28T01:55:01.189977
68,3,view,2026-04-01T02:20:01.189977
53,28,view,2026-05-22T00:53:01.189977
48,16,click,2026-05-17T21:49:01.189977
96,48,view,2026-03-12T17:37:01.189977
88,20,add_to_cart,2026-05-05T12:27:01.189977
86,47,view,2026-04-22T12:58:01.189977
78,18,view,2026-04-07T20:30:01.189977
63,30,purchase,2026-03-27T19:27:01.189977
37,15,view,2026-03-25T00:58:01.189977
83,44,click,2026-04-14T04:12:01.189977
15,7,add_to_cart,2026-05-23T05:47:01.189977
44,30,view,2026-05-23T17:37:01.189977
56,34,view,2026-05-29T12:23:01.189977
22,17,view,2026-04-05T12:28:01.189977
5,22,view,2026-05-18T14:22:01.189977
17,10,view,2026-04-05T11:10:01.189977
47,47,view,2026-04-06T16:53:01.189977
3,33,view,2026-04-28T06:50:01.189977
30,21,view,2026-05-21T13:51:01.189977
7,11,click,2026-05-14T21:40:01.189977
63,41,click,2026-05-21T09:57:01.189977
80,6,view,2026-03-24T08:51:01.189977
31,35,view,2026-04-24T02:45:01.189977
26,18,view,2026-05-12T17:37:01.189977
51,50,view,2026-05-29T17:57:01.189977
4,12,add_to_cart,2026-04-07T00:35:01.189977
1,44,view,2026-04-10T10:10:01.189977
13,40,add_to_cart,2026-05-03T07:19:01.189977
7,41,view,2026-05-03T14:41:01.189977
17,33,add_to_cart,2026-03-29T08:50:01.189977
14,50,click,2026-03-24T11:41:01.189977
72,37,view,2026-05-26T08:50:01.189977
33,11,view,2026-03-11T11:36:01.189977
75,38,view,2026-05-29T10:13:01.189977
68,41,add_to_cart,2026-03-28T10:03:01.189977
91,39,add_to_cart,2026-04-05T13:32:01.189977
62,17,view,2026-04-20T13:33:01.189977
43,41,view,2026-03-18T14:15:01.189977
50,24,click,2026-05-25T00:23:01.189977
64,45,add_to_cart,2026-05-01T21:01:01.189977
25,35,add_to_cart,2026-05-12T09:26:01.189977
47,43,click,2026-03-22T21:46:01.189977
27,10,click,2026-05-30T02:38:01.189977
96,18,click,2026-03-30T02:26:01.189977
30,1,click,2026-03-15T14:37:01.189977
69,7,view,2026-05-13T04:46:01.189977
71,30,view,2026-03-10T02:58:01.189977
22,49,view,2026-05-07T10:32:01.189977
57,27,view,2026-04-13T09:34:01.189977
37,18,view,2026-03-05T03:34:01.189977
23,12,click,2026-03-22T12:49:01.189977
78,20,view,2026-05-15T17:09:01.189977
18,31,add_to_cart,2026-04-18T20:49:01.189977
22,12,view,2026-04-26T16:57:01.189977
31,22,click,2026-03-07T23:54:01.189977
86,28,view,2026-05-16T02:48:01.189977
13,23,view,2026-05-26T07:12:01.189977
29,15,view,2026-05-23T11:31:01.189977
37,3,view,2026-05-05T07:36:01.189977
29,26,view,2026-04-28T06:42:01.189977
30,45,view,2026-04-29T08:05:01.189977
39,5,view,2026-04-13T23:17:01.189977
15,21,view,2026-04-28T16:27:01.189977
70,33,view,2026-05-06T11:02:01.189977
13,15,click,2026-03-06T16:05:01.189977
74,7,click,2026-04-06T16:11:01.189977
68,13,purchase,2026-04-08T10:59:01.189977
63,22,view,2026-04-19T19:20:01.189977
46,16,click,2026-04-06T23:34:01.189977
92,26,view,2026-05-12T04:30:01.189977
59,42,view,2026-05-03T01:02:01.189977
17,21,add_to_cart,2026-04-13T05:48:01.189977
62,16,view,2026-03-05T21:16:01.189977
12,22,view,2026-03-08T22:15:01.189977
93,36,add_to_cart,2026-05-05T04:03:01.189977
4,45,view,2026-03-12T16:59:01.189977
53,21,click,2026-04-23T10:44:01.189977
19,21,view,2026-05-07T00:20:01.189977
18,43,purchase,2026-03-04T06:06:01.189977
21,31,view,2026-03-03T22:03:01.189977
68,30,view,2026-04-28T11:06:01.189977
3,8,click,2026-03-21T09:05:01.189977
97,16,purchase,2026-05-02T12:48:01.189977
77,19,view,2026-04-05T08:02:01.189977
73,14,view,2026-04-13T21:30:01.189977
13,41,view,2026-03-28T19:55:01.189977
82,40,add_to_cart,2026-04-19T17:13:01.189977
98,7,view,2026-03-08T01:48:01.189977
9,19,view,2026-04-14T20:57:01.189977
11,28,purchase,2026-04-29T04:37:01.189977
14,24,view,2026-05-02T00:23:01.189977
62,21,purchase,2026-05-01T02:32:01.189977
32,39,view,2026-04-10T17:59:01.189977
1,42,view,2026-04-29T00:01:01.189977
25,6,purchase,2026-03-13T19:24:01.189977
90,46,click,2026-04-17T14:56:01.189977
94,32,view,2026-04-07T03:37:01.189977
73,13,add_to_cart,2026-05-06T14:46:01.189977
31,33,add_to_cart,2026-03-09T00:58:01.189977
99,22,view,2026-05-01T08:21:01.189977
33,1,click,2026-03-19T13:07:01.189977
45,23,add_to_cart,2026-04-30T04:31:01.189977
82,42,add_to_cart,2026-05-03T19:12:01.189977
45,9,view,2026-04-30T15:06:01.189977
7,41,view,2026-04-03T14:43:01.189977
67,42,view,2026-05-05T09:27:01.189977
13,43,add_to_cart,2026-05-15T22:28:01.189977
71,42,add_to_cart,2026-04-28T18:40:01.189977
60,30,view,2026-04-30T20:36:01.189977
34,13,add_to_cart,2026-04-18T17:24:01.189977
35,35,purchase,2026-04-04T09:25:01.189977
72,28,click,2026-05-24T00:06:01.189977
49,49,view,2026-05-06T16:49:01.189977
48,2,view,2026-03-10T09:38:01.189977
13,38,view,2026-03-24T21:08:01.189977
97,4,view,2026-03-03T05:28:01.189977
39,5,click,2026-05-23T14:47:01.189977
96,44,view,2026-04-22T15:07:01.189977
45,23,view,2026-03-18T02:07:01.189977
88,18,add_to_cart,2026-05-08T15:08:01.189977
52,46,view,2026-04-01T06:22:01.189977
58,17,click,2026-04-27T08:12:01.189977
67,36,view,2026-03-12T12:14:01.189977
99,15,add_to_cart,2026-03-14T04:33:01.189977
40,17,click,2026-03-31T22:38:01.189977
14,38,view,2026-03-26T15:57:01.189977
38,47,view,2026-03-07T09:35:01.189977
23,44,view,2026-04-16T13:07:01.189977
49,43,click,2026-03-16T10:16:01.189977
38,15,add_to_cart,2026-05-14T02:32:01.189977
93,33,add_to_cart,2026-04-26T22:23:01.189977
81,31,view,2026-04-22T03:41:01.189977
76,28,view,2026-05-13T04:11:01.189977
20,21,add_to_cart,2026-05-18T05:17:01.189977
41,39,view,2026-03-21T23:31:01.189977
44,15,view,2026-04-15T02:37:01.189977
98,3,click,2026-05-06T02:51:01.189977
5,46,view,2026-05-03T18:19:01.189977
54,2,view,2026-04-28T22:15:01.189977
82,47,view,2026-05-02T00:48:01.189977
56,44,view,2026-03-11T18:00:01.189977
78,39,view,2026-04-03T01:39:01.189977
20,44,view,2026-03-19T05:23:01.189977
58,39,view,2026-04-14T01:03:01.189977
80,29,view,2026-03-14T09:15:01.189977
81,49,view,2026-05-10T23:08:01.189977
9,15,click,2026-03-08T06:26:01.189977
19,42,view,2026-03-21T01:13:01.189977
18,28,view,2026-05-12T03:11:01.189977
78,42,click,2026-04-01T00:48:01.189977
47,29,click,2026-05-19T18:06:01.189977
20,27,click,2026-05-17T14:57:01.189977
89,12,add_to_cart,2026-03-18T23:46:01.189977
77,14,view,2026-03-19T07:49:01.189977
47,31,purchase,2026-05-22T21:43:01.189977
10,47,add_to_cart,2026-05-13T20:47:01.189977
73,10,view,2026-04-24T15:35:01.189977
30,7,view,2026-05-18T02:29:01.189977
45,13,view,2026-04-23T11:21:01.189977
33,6,view,2026-03-07T11:09:01.189977
16,33,click,2026-05-14T12:33:01.189977
29,40,view,2026-05-09T06:05:01.189977
94,7,view,2026-03-10T19:20:01.189977
8,10,view,2026-05-06T07:25:01.189977
69,31,click,2026-04-28T11:33:01.189977
58,38,view,2026-04-13T01:19:01.189977
60,30,click,2026-05-04T14:44:01.189977
31,29,purchase,2026-04-13T23:21:01.189977
38,19,click,2026-05-07T00:11:01.189977
63,7,view,2026-05-07T00:52:01.189977
43,20,click,2026-03-15T12:34:01.189977
42,7,view,2026-05-14T21:57:01.189977
20,8,click,2026-04-14T00:31:01.189977
17,14,view,2026-04-18T02:24:01.189977
46,41,view,2026-03-15T06:02:01.189977
21,26,add_to_cart,2026-04-26T16:06:01.189977
35,2,add_to_cart,2026-03-08T02:38:01.189977
79,25,click,2026-05-02T06:52:01.189977
7,23,view,2026-03-29T06:08:01.189977
80,6,view,2026-03-17T12:44:01.189977
74,6,view,2026-05-01T16:43:01.189977
19,1,view,2026-05-09T09:07:01.189977
38,27,view,2026-05-11T17:06:01.189977
62,12,purchase,2026-03-11T14:28:01.189977
66,36,add_to_cart,2026-03-06T06:59:01.189977
13,1,view,2026-04-06T12:39:01.189977
3,31,view,2026-04-28T06:14:01.189977
12,17,view,2026-05-03T23:17:01.189977
89,45,click,2026-04-30T22:32:01.189977
99,13,add_to_cart,2026-03-21T22:54:01.189977
3,50,click,2026-04-30T19:36:01.189977
12,42,view,2026-03-15T01:16:01.189977
34,11,purchase,2026-04-18T03:58:01.189977
30,45,click,2026-05-25T20:15:01.189977
10,24,view,2026-04-26T04:46:01.189977
82,6,view,2026-04-23T23:33:01.189977
24,19,view,2026-04-21T06:13:01.189977
63,38,click,2026-03-30T16:05:01.189977
97,26,add_to_cart,2026-05-02T00:57:01.189977
68,29,view,2026-03-21T01:38:01.189977
65,38,add_to_cart,2026-05-11T09:17:01.189977
97,35,add_to_cart,2026-04-21T09:52:01.189977
30,27,view,2026-04-26T07:34:01.189977
86,3,view,2026-05-07T09:54:01.189977
85,42,view,2026-05-21T10:01:01.189977
45,29,click,2026-04-09T12:28:01.189977
75,17,click,2026-05-13T09:51:01.189977
81,47,view,2026-05-18T15:37:01.189977
63,46,add_to_cart,2026-04-06T02:11:01.189977
27,27,view,2026-03-13T13:19:01.189977
34,15,click,2026-05-30T15:26:01.189977
38,8,view,2026-03-02T16:44:01.189977
87,34,click,2026-05-05T17:29:01.189977
17,29,click,2026-03-02T23:28:01.189977
4,19,view,2026-03-15T08:18:01.189977
14,18,click,2026-03-09T17:01:01.189977
69,41,view,2026-04-01T12:48:01.189977
100,4,view,2026-03-17T15:36:01.189977
96,44,view,2026-04-04T23:19:01.189977
99,16,view,2026-04-08T14:42:01.189977
89,37,click,2026-05-23T02:55:01.189977
36,14,view,2026-05-21T02:15:01.189977
99,43,view,2026-05-02T17:35:01.189977
78,35,view,2026-03-30T17:35:01.189977
47,4,view,2026-03-09T00:22:01.189977
71,40,view,2026-05-21T12:13:01.189977
99,40,view,2026-04-04T04:12:01.189977
8,22,view,2026-03-31T09:48:01.189977
93,35,click,2026-04-01T13:24:01.189977
60,13,add_to_cart,2026-03-23T09:16:01.189977
61,3,view,2026-05-29T12:25:01.189977
21,5,purchase,2026-05-12T15:52:01.189977
37,37,click,2026-05-05T03:08:01.189977
95,40,click,2026-04-08T12:18:01.189977
42,3,view,2026-05-21T13:38:01.189977
11,49,add_to_cart,2026-04-11T15:39:01.189977
87,40,click,2026-05-08T05:19:01.189977
31,24,add_to_cart,2026-05-07T03:15:01.189977
64,9,add_to_cart,2026-03-08T07:15:01.189977
57,43,click,2026-05-17T06:24:01.189977
77,9,view,2026-05-27T01:44:01.189977
2,26,view,2026-05-17T12:38:01.189977
54,19,add_to_cart,2026-05-27T14:30:01.189977
4,40,view,2026-05-15T12:19:01.189977
22,9,add_to_cart,2026-04-20T09:50:01.189977
100,3,view,2026-05-06T13:47:01.189977
65,19,view,2026-05-11T13:36:01.189977
32,28,click,2026-03-12T15:39:01.189977
42,16,purchase,2026-03-24T06:41:01.189977
11,24,view,2026-05-13T22:16:01.189977
12,4,view,2026-04-26T09:13:01.189977
5,49,click,2026-03-08T03:15:01.189977
46,29,view,2026-04-18T23:18:01.189977
16,4,view,2026-04-16T11:29:01.189977
94,46,add_to_cart,2026-05-06T14:15:01.189977
1,46,view,2026-04-01T11:35:01.189977
31,37,purchase,2026-05-12T04:31:01.189977
18,50,view,2026-04-02T20:15:01.189977
13,17,view,2026-03-18T07:08:01.189977
13,15,view,2026-03-15T06:58:01.189977
76,33,view,2026-05-09T01:44:01.189977
17,19,view,2026-04-16T10:35:01.189977
47,44,view,2026-03-12T00:07:01.189977
77,4,click,2026-04-30T08:22:01.189977
34,46,view,2026-04-29T14:53:01.189977
30,3,view,2026-04-13T05:35:01.189977
87,26,view,2026-04-13T18:07:01.189977
43,40,click,2026-03-25T05:43:01.189977
64,27,view,2026-03-14T07:38:01.189977
44,41,purchase,2026-05-30T22:01:01.189977
43,30,view,2026-05-01T19:18:01.189977
84,41,view,2026-05-16T23:50:01.189977
81,33,add_to_cart,2026-03-19T06:58:01.189977
70,26,click,2026-05-14T07:53:01.189977
90,15,view,2026-03-23T09:32:01.189977
3,2,click,2026-04-25T23:47:01.189977
68,44,view,2026-03-09T13:31:01.189977
72,14,click,2026-05-06T17:17:01.189977
41,47,view,2026-04-30T06:45:01.189977
83,9,view,2026-05-09T14:27:01.189977
20,19,add_to_cart,2026-04-06T23:16:01.189977
66,30,view,2026-03-15T04:43:01.189977
54,45,view,2026-03-02T23:10:01.189977
33,9,click,2026-04-22T12:51:01.189977
59,7,view,2026-05-28T13:50:01.189977
2,36,view,2026-05-23T02:36:01.189977
87,26,view,2026-05-08T04:44:01.189977
64,31,view,2026-05-25T22:49:01.189977
98,1,view,2026-05-31T09:52:01.189977
59,22,view,2026-04-16T22:26:01.189977
97,15,view,2026-04-08T14:13:01.189977
68,6,click,2026-04-28T21:40:01.189977
82,30,view,2026-04-21T17:02:01.189977
19,19,view,2026-03-07T21:27:01.189977
50,1,add_to_cart,2026-03-27T05:38:01.189977
89,49,view,2026-03-15T18:55:01.189977
56,23,view,2026-04-06T22:17:01.189977
6,23,click,2026-05-18T22:03:01.189977
3,2,view,2026-03-17T16:41:01.189977
17,13,view,2026-04-25T07:44:01.189977
51,23,view,2026-04-18T00:30:01.189977
95,40,purchase,2026-04-20T07:58:01.189977
60,33,view,2026-03-17T18:19:01.189977
26,42,view,2026-04-15T21:07:01.189977
85,41,view,2026-03-06T02:51:01.189977
27,46,click,2026-05-11T11:04:01.189977
88,21,view,2026-04-10T05:56:01.189977
80,7,view,2026-05-23T03:29:01.189977
23,4,add_to_cart,2026-05-22T01:50:01.189977
67,39,click,2026-04-06T23:41:01.189977
13,20,click,2026-03-23T09:39:01.189977
20,30,add_to_cart,2026-04-30T02:06:01.189977
76,38,view,2026-04-17T10:02:01.189977
47,44,click,2026-03-30T17:18:01.189977
12,47,view,2026-03-20T21:00:01.189977
71,47,view,2026-04-14T05:47:01.189977
1,31,view,2026-05-24T02:28:01.189977
33,17,view,2026-05-08T19:16:01.189977
64,29,view,2026-03-03T16:12:01.189977
64,15,click,2026-03-29T14:38:01.189977
97,3,view,2026-03-22T01:54:01.189977
45,5,view,2026-03-07T19:27:01.189977
68,49,view,2026-03-13T15:38:01.189977
87,5,view,2026-05-02T23:58:01.189977
83,34,purchase,2026-03-03T05:21:01.189977
54,30,view,2026-04-28T15:57:01.189977
77,27,view,2026-03-23T10:35:01.189977
71,12,view,2026-03-04T18:04:01.189977
86,18,add_to_cart,2026-05-06T23:41:01.189977
35,4,add_to_cart,2026-03-27T00:20:01.189977
73,18,click,2026-04-26T17:24:01.189977
30,12,purchase,2026-04-21T22:10:01.189977
6,44,purchase,2026-04-15T09:08:01.189977
52,9,view,2026-04-22T09:40:01.189977
86,36,click,2026-05-17T18:10:01.189977
73,31,click,2026-04-07T11:39:01.189977
57,44,view,2026-05-06T09:20:01.189977
92,6,view,2026-03-13T22:13:01.189977
9,40,view,2026-04-10T17:48:01.189977
45,17,view,2026-04-09T07:02:01.189977
13,14,click,2026-05-08T17:35:01.189977
33,40,view,2026-04-15T04:32:01.189977
46,48,view,2026-03-03T21:53:01.189977
48,22,click,2026-05-30T20:09:01.189977
87,47,view,2026-05-10T10:40:01.189977
56,44,view,2026-04-18T08:17:01.189977
27,29,view,2026-05-14T00:55:01.189977
4,44,view,2026-04-03T04:46:01.189977
95,41,view,2026-04-06T04:56:01.189977
22,12,click,2026-03-16T09:58:01.189977
30,16,add_to_cart,2026-03-26T00:16:01.189977
80,48,click,2026-05-22T19:58:01.189977
93,40,click,2026-03-23T03:16:01.189977
82,29,view,2026-03-14T00:12:01.189977
15,33,view,2026-05-11T07:19:01.189977
92,6,view,2026-05-05T17:19:01.189977
50,13,click,2026-03-18T09:15:01.189977
3,50,view,2026-04-02T18:57:01.189977
71,34,view,2026-04-24T15:39:01.189977
99,19,add_to_cart,2026-05-17T23:32:01.189977
76,2,purchase,2026-03-22T02:41:01.189977
15,45,view,2026-05-02T00:17:01.189977
95,19,view,2026-05-14T12:43:01.189977
10,30,view,2026-04-15T22:59:01.189977
44,22,add_to_cart,2026-05-21T09:03:01.189977
19,12,click,2026-04-10T15:39:01.189977
14,4,click,2026-04-20T16:25:01.189977
20,36,click,2026-05-24T22:19:01.189977
69,39,view,2026-04-17T01:03:01.189977
77,31,click,2026-03-16T23:59:01.189977
24,21,click,2026-03-27T08:08:01.189977
44,16,view,2026-04-11T04:21:01.189977
5,5,click,2026-05-10T20:46:01.189977
11,14,view,2026-04-06T15:59:01.189977
19,22,add_to_cart,2026-04-19T12:30:01.189977
40,15,view,2026-04-14T13:46:01.189977
67,8,view,2026-03-06T14:26:01.189977
75,45,view,2026-05-25T13:07:01.189977
84,29,view,2026-04-24T08:10:01.189977
78,25,purchase,2026-03-29T01:19:01.189977
51,23,view,2026-04-22T13:57:01.189977
55,18,click,2026-04-25T05:49:01.189977
74,35,add_to_cart,2026-04-11T07:57:01.189977
23,27,purchase,2026-05-01T18:00:01.189977
35,33,view,2026-04-26T02:23:01.189977
27,43,view,2026-04-03T13:57:01.189977
75,6,click,2026-04-10T02:15:01.189977
56,26,click,2026-04-09T12:38:01.189977
87,1,view,2026-03-07T00:31:01.189977
12,35,view,2026-04-18T16:12:01.189977
64,19,click,2026-04-04T19:39:01.189977
42,19,view,2026-04-11T06:02:01.189977
82,50,view,2026-05-14T17:26:01.189977
10,36,view,2026-05-27T04:07:01.189977
58,21,add_to_cart,2026-04-12T02:42:01.189977
93,22,view,2026-03-11T23:10:01.189977
88,28,view,2026-03-13T16:18:01.189977
56,31,add_to_cart,2026-03-06T10:43:01.189977
51,24,view,2026-03-04T16:41:01.189977
94,1,view,2026-03-29T03:10:01.189977
69,36,click,2026-04-10T03:42:01.189977
11,25,add_to_cart,2026-04-13T18:13:01.189977
36,43,purchase,2026-04-08T20:07:01.189977
10,18,view,2026-04-23T15:33:01.189977
90,2,view,2026-05-30T01:09:01.189977
13,16,view,2026-05-19T23:31:01.189977
79,1,view,2026-05-25T19:15:01.189977
86,37,click,2026-04-13T09:00:01.189977
37,21,view,2026-04-12T22:05:01.189977
73,26,view,2026-03-17T00:58:01.189977
53,40,click,2026-03-05T14:11:01.189977
7,49,view,2026-03-16T22:00:01.189977
20,40,view,2026-03-10T22:13:01.189977
21,39,view,2026-04-20T08:54:01.189977
75,17,view,2026-04-21T21:02:01.189977
2,19,view,2026-05-23T04:36:01.189977
39,8,view,2026-05-05T21:45:01.189977
53,24,purchase,2026-05-18T09:24:01.189977
59,44,view,2026-04-21T22:02:01.189977
77,24,view,2026-05-18T10:03:01.189977
43,46,view,2026-05-27T01:09:01.189977
41,18,view,2026-03-06T16:11:01.189977
54,22,click,2026-03-13T17:59:01.189977
32,11,click,2026-04-24T13:21:01.189977
16,44,view,2026-05-02T01:11:01.189977
78,6,click,2026-04-29T17:28:01.189977
2,13,view,2026-05-09T06:50:01.189977
62,2,click,2026-05-30T15:58:01.189977
72,27,click,2026-03-03T15:26:01.189977
42,27,click,2026-05-08T05:06:01.189977
12,29,view,2026-05-28T11:52:01.189977
97,22,view,2026-04-14T17:49:01.189977
37,30,view,2026-04-29T08:22:01.189977
22,10,click,2026-03-26T00:30:01.189977
15,25,view,2026-04-02T19:13:01.189977
74,15,view,2026-03-03T08:21:01.189977
68,47,view,2026-03-13T06:38:01.189977
99,7,click,2026-05-25T07:47:01.189977
49,9,view,2026-04-18T13:05:01.189977
1,29,view,2026-04-14T02:48:01.189977
89,21,view,2026-04-10T21:02:01.189977
32,30,click,2026-03-28T20:26:01.189977
17,7,view,2026-05-26T06:44:01.189977
98,40,view,2026-04-03T05:51:01.189977
89,44,click,2026-04-06T15:22:01.189977
43,21,view,2026-05-07T02:45:01.189977
37,34,view,2026-05-31T02:59:01.189977
27,45,view,2026-05-05T05:20:01.189977
24,47,add_to_cart,2026-03-31T17:30:01.189977
16,38,view,2026-05-08T03:02:01.189977
9,24,view,2026-04-17T17:00:01.189977
62,24,view,2026-05-14T09:02:01.189977
60,32,click,2026-05-30T15:38:01.189977
58,43,view,2026-04-14T04:40:01.189977
36,5,view,2026-03-27T07:49:01.189977
9,34,view,2026-05-17T13:24:01.189977
40,7,view,2026-03-24T08:46:01.189977
51,32,view,2026-04-08T06:09:01.189977
71,22,view,2026-03-09T16:37:01.189977
94,3,view,2026-04-13T09:36:01.189977
44,3,add_to_cart,2026-03-16T20:39:01.189977
65,5,view,2026-04-20T19:13:01.189977
86,16,view,2026-04-30T14:03:01.189977
43,47,view,2026-04-20T04:40:01.189977
98,45,view,2026-05-16T05:16:01.189977
52,45,click,2026-05-07T01:26:01.189977
74,36,view,2026-03-10T01:40:01.189977
67,45,purchase,2026-05-29T21:35:01.189977
40,11,click,2026-04-23T03:28:01.189977
25,36,view,2026-05-26T06:16:01.189977
84,42,purchase,2026-03-09T09:53:01.189977
15,1,view,2026-03-09T15:19:01.189977
85,2,view,2026-03-19T03:56:01.189977
11,39,view,2026-03-28T03:25:01.189977
32,37,view,2026-04-09T10:27:01.189977
96,15,click,2026-05-12T06:23:01.189977
35,28,view,2026-04-22T02:48:01.189977
39,10,view,2026-04-19T06:02:01.189977
92,36,purchase,2026-03-15T03:24:01.189977
61,27,click,2026-03-11T00:52:01.189977
65,7,view,2026-05-25T18:31:01.189977
8,29,purchase,2026-03-24T04:25:01.189977
74,9,add_to_cart,2026-03-07T22:55:01.189977
37,25,view,2026-03-03T07:56:01.189977
65,45,add_to_cart,2026-03-19T05:20:01.189977
81,15,click,2026-04-05T21:10:01.189977
86,45,click,2026-03-27T16:26:01.189977
93,45,click,2026-04-17T10:45:01.189977
80,25,view,2026-05-04T13:31:01.189977
88,32,view,2026-03-18T16:19:01.189977
31,13,purchase,2026-04-27T17:06:01.189977
38,39,click,2026-04-21T23:21:01.189977
23,23,view,2026-04-23T05:15:01.189977
9,49,click,2026-03-16T06:41:01.189977
69,28,view,2026-03-29T03:40:01.189977
97,3,view,2026-04-18T05:19:01.189977
4,42,click,2026-04-19T14:47:01.189977
35,5,click,2026-03-23T01:32:01.189977
53,26,add_to_cart,2026-05-22T06:33:01.189977
77,20,view,2026-05-26T19:23:01.189977
69,30,view,2026-05-12T17:41:01.189977
10,4,click,2026-04-05T13:30:01.189977
83,24,view,2026-04-09T05:05:01.189977
65,7,view,2026-03-05T07:51:01.189977
66,35,view,2026-04-27T20:33:01.189977
33,44,view,2026-03-26T09:57:01.189977
42,24,view,2026-03-19T21:23:01.189977
97,25,view,2026-05-18T20:39:01.189977
69,6,view,2026-05-01T09:46:01.189977
76,17,click,2026-05-18T17:08:01.189977
7,41,add_to_cart,2026-04-22T08:22:01.189977
47,9,view,2026-03-21T19:48:01.189977
64,26,view,2026-04-12T16:24:01.189977
73,16,view,2026-03-08T03:38:01.189977
38,46,click,2026-04-12T06:06:01.189977
40,46,view,2026-05-14T17:25:01.189977
62,20,view,2026-03-08T14:49:01.189977
97,32,click,2026-03-16T10:17:01.189977
50,23,view,2026-03-23T03:30:01.189977
72,37,view,2026-03-20T20:16:01.189977
46,31,view,2026-03-19T14:42:01.189977
24,36,view,2026-05-30T08:03:01.189977
5,1,view,2026-05-11T06:47:01.189977
41,8,view,2026-04-05T13:31:01.189977
70,36,click,2026-05-12T19:44:01.189977
39,44,click,2026-03-12T08:19:01.189977
52,36,click,2026-05-11T19:16:01.189977
22,25,add_to_cart,2026-03-06T11:54:01.189977
52,26,click,2026-03-04T23:37:01.189977
44,23,view,2026-03-15T11:06:01.189977
20,22,view,2026-04-23T22:50:01.189977
67,26,view,2026-04-23T20:21:01.189977
56,43,purchase,2026-04-29T20:53:01.189977
61,38,view,2026-04-19T00:13:01.189977
55,22,view,2026-04-13T10:12:01.189977
72,14,add_to_cart,2026-04-09T10:55:01.189977
56,35,view,2026-03-24T02:44:01.189977
83,23,view,2026-04-04T06:00:01.189977
13,25,click,2026-03-18T02:46:01.189977
70,50,click,2026-05-18T08:46:01.189977
77,13,view,2026-05-04T22:37:01.189977
24,5,view,2026-04-28T10:31:01.189977
35,21,add_to_cart,2026-03-29T16:36:01.189977
87,10,click,2026-04-27T16:55:01.189977
86,7,click,2026-05-23T16:04:01.189977
10,32,view,2026-05-06T12:11:01.189977
86,33,view,2026-03-27T11:43:01.189977
5,15,view,2026-04-06T21:03:01.189977
67,9,view,2026-04-13T22:16:01.189977
48,42,add_to_cart,2026-03-23T08:57:01.189977
57,23,view,2026-04-08T19:59:01.189977
94,45,view,2026-05-29T20:29:01.189977
61,8,view,2026-05-20T14:11:01.189977
51,6,click,2026-03-30T19:48:01.189977
44,14,view,2026-05-09T04:05:01.189977
10,25,view,2026-04-23T10:31:01.189977
86,26,click,2026-04-08T00:54:01.189977
70,38,view,2026-05-19T20:40:01.189977
95,37,view,2026-05-19T19:05:01.189977
6,7,purchase,2026-03-13T11:39:01.189977
16,42,view,2026-03-25T15:21:01.189977
30,26,add_to_cart,2026-03-25T22:46:01.189977
44,11,view,2026-04-06T03:09:01.189977
61,45,view,2026-05-25T00:24:01.189977
31,32,view,2026-03-14T01:51:01.189977
58,33,view,2026-05-23T06:23:01.189977
39,33,click,2026-04-06T19:25:01.189977
69,46,click,2026-05-03T17:12:01.189977
9,24,click,2026-04-27T02:06:01.189977
33,13,view,2026-04-18T15:17:01.189977
10,23,click,2026-04-13T02:32:01.189977
98,1,view,2026-04-13T17:36:01.189977
12,28,view,2026-03-24T08:41:01.189977
44,44,view,2026-05-14T03:38:01.189977
39,11,view,2026-05-12T23:30:01.189977
71,46,click,2026-04-22T14:01:01.189977
99,49,view,2026-05-15T08:25:01.189977
7,8,click,2026-04-19T04:42:01.189977
44,48,click,2026-05-04T14:53:01.189977
92,4,view,2026-04-07T00:53:01.189977
28,5,add_to_cart,2026-03-09T21:41:01.189977
29,9,view,2026-04-11T21:13:01.189977
19,4,view,2026-03-04T18:40:01.189977
44,43,add_to_cart,2026-04-08T19:50:01.189977
31,33,click,2026-05-12T08:20:01.189977
92,18,view,2026-03-23T13:01:01.189977
29,39,view,2026-04-07T18:49:01.189977
30,40,view,2026-05-19T15:42:01.189977
5,1,view,2026-03-13T10:39:01.189977
71,16,view,2026-03-26T09:20:01.189977
2,5,view,2026-03-05T04:35:01.189977
31,16,view,2026-03-31T00:41:01.189977
66,22,view,2026-03-18T03:15:01.189977
20,10,view,2026-04-25T13:39:01.189977
5,40,view,2026-05-11T16:19:01.189977
22,1,view,2026-03-31T03:52:01.189977
92,17,add_to_cart,2026-05-21T12:50:01.189977
76,28,purchase,2026-03-14T19:56:01.189977
6,3,view,2026-03-14T13:20:01.189977
36,32,click,2026-04-29T03:34:01.189977
54,2,view,2026-03-10T03:21:01.189977
64,17,click,2026-05-10T06:39:01.189977
64,35,view,2026-04-04T03:00:01.189977
13,38,add_to_cart,2026-03-18T13:40:01.189977
12,38,view,2026-03-16T23:15:01.189977
79,37,view,2026-04-09T22:56:01.189977
26,8,view,2026-05-30T14:25:01.189977
53,42,view,2026-04-07T14:19:01.189977
92,34,view,2026-03-21T07:41:01.189977
6,20,view,2026-05-04T05:12:01.189977
85,30,view,2026-03-13T06:25:01.189977
36,47,view,2026-05-20T14:43:01.189977
1,18,add_to_cart,2026-03-12T06:18:01.189977
3,8,view,2026-04-14T00:13:01.189977
70,19,click,2026-04-02T22:15:01.189977
8,41,view,2026-04-26T05:15:01.189977
30,18,purchase,2026-03-07T03:54:01.189977
37,1,view,2026-05-23T13:48:01.189977
75,48,click,2026-03-08T11:03:01.189977
63,3,view,2026-04-12T11:50:01.189977
6,12,view,2026-05-06T07:31:01.189977
66,21,view,2026-03-20T13:11:01.189977
6,43,add_to_cart,2026-03-24T07:01:01.189977
76,8,view,2026-05-09T04:53:01.189977
88,16,click,2026-04-09T05:36:01.189977
25,27,add_to_cart,2026-03-04T05:11:01.189977
58,18,view,2026-04-17T04:43:01.189977
48,16,view,2026-04-23T11:08:01.189977
57,45,view,2026-03-22T14:08:01.189977
41,42,view,2026-03-11T22:27:01.189977
85,48,view,2026-04-18T07:51:01.189977
74,42,click,2026-04-23T23:46:01.189977
24,32,add_to_cart,2026-04-13T22:22:01.189977
57,7,click,2026-05-30T01:36:01.189977
68,45,click,2026-03-16T20:28:01.189977
37,33,view,2026-05-12T14:12:01.189977
84,18,click,2026-03-14T00:47:01.189977
20,6,click,2026-05-27T11:03:01.189977
38,25,view,2026-05-10T13:54:01.189977
39,2,add_to_cart,2026-03-05T19:58:01.189977
56,24,add_to_cart,2026-05-28T19:42:01.189977
65,40,click,2026-05-25T01:23:01.189977
60,4,view,2026-04-14T10:18:01.189977
45,2,view,2026-05-22T02:38:01.189977
30,48,view,2026-04-10T13:29:01.189977
28,47,view,2026-03-21T12:25:01.189977
16,31,purchase,2026-04-26T14:38:01.189977
71,39,view,2026-04-28T03:27:01.189977
54,7,view,2026-04-22T05:11:01.189977
48,30,view,2026-05-16T02:05:01.189977
99,18,view,2026-03-24T07:24:01.189977
60,8,view,2026-03-10T18:42:01.189977
73,9,click,2026-04-11T15:14:01.189977
8,46,view,2026-05-21T02:41:01.189977
54,14,view,2026-05-17T09:45:01.189977
51,8,view,2026-05-03T07:30:01.189977
13,20,click,2026-04-02T19:50:01.189977
11,21,view,2026-03-15T11:06:01.189977
22,35,click,2026-04-27T16:54:01.189977
90,30,view,2026-03-16T00:15:01.189977
31,4,view,2026-04-13T10:58:01.189977
67,2,view,2026-03-23T11:02:01.189977
54,34,view,2026-05-25T01:52:01.189977
13,49,click,2026-05-22T12:38:01.189977
11,19,view,2026-03-09T11:55:01.189977
72,24,view,2026-03-18T10:59:01.189977
52,47,view,2026-03-02T15:22:01.189977
20,50,add_to_cart,2026-05-03T03:07:01.189977
2,38,view,2026-04-11T01:28:01.189977
32,16,click,2026-04-16T23:03:01.189977
80,2,add_to_cart,2026-05-08T20:48:01.189977
98,11,click,2026-05-19T16:34:01.189977
6,30,view,2026-05-08T12:14:01.189977
83,33,view,2026-05-25T14:39:01.189977
24,7,view,2026-05-20T22:31:01.189977
77,45,view,2026-05-26T01:22:01.189977
71,16,purchase,2026-03-28T22:08:01.189977
100,3,view,2026-03-06T05:50:01.189977
100,43,view,2026-04-06T00:09:01.189977
58,4,add_to_cart,2026-05-22T21:55:01.189977
81,19,click,2026-05-31T08:44:01.189977
84,9,view,2026-04-20T10:19:01.189977
4,45,view,2026-04-02T20:23:01.189977
62,34,view,2026-03-17T05:06:01.189977
55,29,add_to_cart,2026-03-07T13:51:01.189977
40,31,view,2026-03-30T17:24:01.189977
48,36,view,2026-03-21T05:46:01.189977
69,24,view,2026-03-08T12:34:01.189977
11,37,view,2026-04-23T00:51:01.189977
73,38,view,2026-04-27T15:05:01.189977
46,11,click,2026-04-01T17:24:01.189977
70,9,view,2026-03-20T21:19:01.189977
94,22,view,2026-03-09T02:18:01.189977
12,13,view,2026-04-18T10:50:01.189977
71,7,purchase,2026-04-22T11:53:01.189977
8,9,view,2026-03-08T17:39:01.189977
37,23,view,2026-03-06T15:43:01.189977
80,43,view,2026-03-31T13:58:01.189977
53,21,click,2026-05-27T20:25:01.189977
75,17,click,2026-05-23T12:17:01.189977
92,5,click,2026-03-17T22:12:01.189977
32,13,purchase,2026-05-30T15:50:01.189977
31,24,click,2026-05-28T10:04:01.189977
73,48,view,2026-05-22T11:46:01.189977
13,12,view,2026-03-28T07:37:01.189977
76,29,view,2026-05-19T13:09:01.189977
1,37,add_to_cart,2026-04-12T16:05:01.189977
89,25,click,2026-04-13T09:15:01.189977
12,17,view,2026-04-01T09:22:01.189977
87,19,view,2026-05-12T13:53:01.189977
85,43,view,2026-05-22T08:06:01.189977
9,8,view,2026-04-10T11:51:01.189977
92,21,purchase,2026-03-15T07:28:01.189977
9,5,view,2026-03-07T22:18:01.189977
80,35,purchase,2026-03-03T02:53:01.189977
59,1,click,2026-05-03T17:33:01.189977
73,49,view,2026-05-24T12:44:01.189977
90,41,view,2026-04-26T08:20:01.189977
57,12,view,2026-04-27T09:00:01.189977
47,11,view,2026-03-06T13:21:01.189977
71,41,view,2026-03-14T21:14:01.189977
19,26,view,2026-04-30T14:45:01.189977
36,9,add_to_cart,2026-03-14T20:16:01.189977
26,23,view,2026-04-07T13:01:01.189977
40,29,click,2026-03-09T14:35:01.189977
54,1,view,2026-05-25T01:49:01.189977
17,23,view,2026-03-09T20:34:01.189977
65,18,view,2026-05-27T19:24:01.189977
35,33,view,2026-04-04T03:49:01.189977
49,9,view,2026-04-15T00:52:01.189977
42,28,view,2026-05-19T00:28:01.189977
88,42,view,2026-04-15T18:11:01.189977
54,3,click,2026-05-24T14:22:01.189977
79,45,view,2026-05-17T13:00:01.189977
30,29,purchase,2026-05-31T08:50:01.189977
1,35,purchase,2026-04-28T12:03:01.189977
79,17,add_to_cart,2026-03-09T13:55:01.189977
70,6,view,2026-03-21T18:28:01.189977
45,40,view,2026-03-21T14:40:01.189977
71,45,add_to_cart,2026-04-22T13:52:01.189977
86,13,view,2026-04-10T15:31:01.189977
32,18,view,2026-03-16T21:34:01.189977
22,35,view,2026-03-14T09:17:01.189977
26,30,view,2026-04-30T18:48:01.189977
17,41,view,2026-03-11T20:12:01.189977
63,24,view,2026-04-02T02:16:01.189977
12,11,view,2026-05-23T18:06:01.189977
43,38,view,2026-04-24T21:28:01.189977
71,41,click,2026-05-20T17:05:01.189977
94,30,view,2026-03-18T15:49:01.189977
21,5,view,2026-03-29T11:48:01.189977
39,17,add_to_cart,2026-05-20T21:44:01.189977
38,14,view,2026-04-09T06:28:01.189977
56,14,click,2026-04-02T10:22:01.189977
41,48,add_to_cart,2026-03-15T07:51:01.189977
72,37,view,2026-04-05T22:11:01.189977
29,28,view,2026-03-31T14:06:01.189977
30,25,view,2026-04-27T19:37:01.189977
100,28,add_to_cart,2026-03-20T00:18:01.189977
18,22,view,2026-05-26T03:00:01.189977
58,30,view,2026-03-23T11:39:01.189977
67,16,view,2026-05-19T18:13:01.189977
43,46,add_to_cart,2026-05-09T11:57:01.189977
63,15,view,2026-03-24T20:56:01.189977
77,22,add_to_cart,2026-04-26T19:04:01.189977
31,31,view,2026-04-12T17:25:01.189977
69,49,click,2026-05-20T16:06:01.189977
85,23,view,2026-03-30T06:57:01.189977
35,10,view,2026-05-21T08:31:01.189977
15,10,click,2026-05-25T19:41:01.189977
38,6,view,2026-05-15T02:42:01.189977
9,30,purchase,2026-05-01T00:43:01.189977
83,21,view,2026-04-05T22:19:01.189977
48,28,view,2026-03-30T14:26:01.189977
31,2,add_to_cart,2026-04-14T02:48:01.189977
29,25,click,2026-03-30T20:31:01.189977
82,7,click,2026-04-11T04:03:01.189977
72,39,view,2026-04-14T14:46:01.189977
33,39,view,2026-05-13T23:20:01.189977
84,1,view,2026-04-07T05:48:01.189977
84,26,click,2026-03-26T11:59:01.189977
18,41,view,2026-05-07T07:34:01.189977
39,5,view,2026-04-26T00:30:01.189977
17,21,view,2026-04-15T02:23:01.189977
95,3,purchase,2026-04-30T12:39:01.189977
34,35,add_to_cart,2026-04-21T16:32:01.189977
37,50,click,2026-04-29T20:08:01.189977
99,12,view,2026-05-17T06:03:01.189977
95,42,view,2026-03-14T23:49:01.189977
23,49,view,2026-04-25T23:02:01.189977
47,21,add_to_cart,2026-05-18T08:51:01.189977
29,29,view,2026-03-24T20:55:01.189977
11,34,view,2026-03-23T07:13:01.189977
73,34,purchase,2026-04-12T01:10:01.189977
74,28,view,2026-05-15T22:05:01.189977
56,15,click,2026-03-19T21:37:01.189977
28,9,view,2026-05-12T08:33:01.189977
26,42,view,2026-05-24T23:56:01.189977
86,36,view,2026-03-03T16:44:01.189977
59,30,view,2026-05-13T05:32:01.189977
64,39,view,2026-05-03T23:59:01.189977
93,19,view,2026-04-15T20:23:01.189977
33,39,add_to_cart,2026-04-21T17:02:01.189977
72,36,view,2026-03-16T04:32:01.189977
79,10,view,2026-04-26T02:17:01.189977
35,45,click,2026-03-19T19:57:01.189977
92,29,click,2026-03-25T04:34:01.189977
28,44,view,2026-03-27T04:34:01.189977
62,25,view,2026-05-16T12:18:01.189977
70,47,view,2026-04-24T02:55:01.189977
51,18,view,2026-04-08T20:52:01.189977
16,27,view,2026-05-16T07:07:01.189977
92,38,view,2026-03-10T19:24:01.189977
91,50,view,2026-03-07T21:38:01.189977
15,31,click,2026-03-24T04:36:01.189977
74,36,view,2026-03-08T19:19:01.189977
25,30,purchase,2026-03-23T15:21:01.189977
65,46,view,2026-04-04T15:49:01.189977
92,9,purchase,2026-04-11T11:22:01.189977
58,1,view,2026-04-25T03:54:01.189977
66,42,add_to_cart,2026-04-03T08:11:01.189977
5,20,click,2026-05-16T04:02:01.189977
4,40,view,2026-04-18T06:49:01.189977
29,11,view,2026-03-29T16:00:01.189977
73,45,view,2026-04-17T23:15:01.189977
31,13,view,2026-05-10T03:51:01.189977
76,7,view,2026-04-16T11:26:01.189977
92,38,view,2026-04-26T11:13:01.189977
18,19,view,2026-04-02T19:02:01.189977
72,11,click,2026-03-15T16:31:01.189977
32,7,click,2026-04-04T06:07:01.189977
27,37,view,2026-05-15T06:20:01.189977
87,14,view,2026-04-07T21:07:01.189977
75,43,view,2026-04-18T08:11:01.189977
68,39,view,2026-03-26T16:27:01.189977
2,30,view,2026-03-10T15:43:01.189977
24,50,view,2026-03-24T20:18:01.189977
40,48,view,2026-04-28T19:31:01.189977
78,33,view,2026-04-10T13:41:01.189977
36,24,click,2026-05-15T15:08:01.189977
13,38,click,2026-04-05T20:10:01.189977
8,14,view,2026-04-14T12:33:01.189977
40,37,view,2026-04-10T09:21:01.189977
55,36,add_to_cart,2026-05-09T15:22:01.189977
10,9,view,2026-05-12T21:20:01.189977
100,27,view,2026-05-28T09:09:01.189977
68,10,add_to_cart,2026-05-18T10:08:01.189977
74,32,view,2026-03-31T04:15:01.189977
100,14,view,2026-03-28T18:11:01.189977
49,35,view,2026-05-09T06:43:01.189977
25,13,purchase,2026-03-20T20:41:01.189977
44,18,view,2026-04-14T20:09:01.189977
20,26,view,2026-03-29T23:14:01.189977
5,36,view,2026-04-15T15:05:01.189977
38,46,purchase,2026-05-04T02:05:01.189977
24,34,view,2026-05-17T21:07:01.189977
67,43,purchase,2026-04-18T16:33:01.189977
77,14,click,2026-03-14T03:51:01.189977
11,50,view,2026-05-16T06:14:01.189977
79,24,add_to_cart,2026-04-23T23:18:01.189977
79,3,click,2026-03-06T09:48:01.189977
78,36,click,2026-05-19T17:41:01.189977
3,11,view,2026-04-18T15:47:01.189977
11,2,click,2026-05-02T11:58:01.189977
78,4,click,2026-05-10T01:05:01.189977
12,19,view,2026-04-05T12:13:01.189977
77,28,view,2026-05-05T13:05:01.189977
43,2,view,2026-03-29T19:00:01.189977
61,8,view,2026-03-13T12:05:01.189977
43,13,view,2026-04-11T15:25:01.189977
19,50,click,2026-03-19T12:48:01.189977
98,8,purchase,2026-05-18T17:35:01.189977
66,34,view,2026-05-03T06:09:01.189977
88,15,purchase,2026-04-06T11:35:01.189977
32,18,add_to_cart,2026-04-18T22:21:01.189977
32,12,click,2026-05-07T14:50:01.189977
49,21,view,2026-05-02T06:29:01.189977
78,30,view,2026-04-11T13:05:01.189977
95,25,click,2026-04-23T05:19:01.189977
55,18,view,2026-04-08T07:55:01.189977
34,41,view,2026-04-08T04:39:01.189977
29,15,click,2026-04-05T19:14:01.189977
15,15,view,2026-04-02T19:25:01.189977
14,7,view,2026-04-03T07:09:01.189977
84,21,view,2026-05-06T19:16:01.189977
87,29,view,2026-04-24T03:17:01.189977
78,2,view,2026-04-22T10:05:01.189977
83,48,view,2026-05-23T03:25:01.189977
19,19,purchase,2026-05-10T22:40:01.189977
95,27,view,2026-03-25T02:10:01.189977
52,26,view,2026-04-01T20:47:01.189977
4,50,view,2026-05-29T22:15:01.189977
65,9,click,2026-03-05T02:11:01.189977
55,16,click,2026-04-25T00:16:01.189977
10,25,purchase,2026-05-02T17:31:01.189977
39,11,view,2026-03-08T06:17:01.189977
39,20,view,2026-03-24T21:18:01.189977
94,42,view,2026-03-17T18:31:01.189977
4,7,view,2026-05-25T06:40:01.189977
15,20,click,2026-03-30T22:00:01.189977
12,44,add_to_cart,2026-05-04T23:16:01.189977
34,24,view,2026-04-23T09:45:01.189977
25,21,purchase,2026-04-11T18:48:01.189977
15,50,view,2026-04-21T22:18:01.189977
55,11,view,2026-05-22T07:59:01.189977
45,28,click,2026-04-06T16:55:01.189977
28,7,purchase,2026-05-28T23:07:01.189977
62,36,purchase,2026-04-06T13:24:01.189977
14,49,view,2026-05-09T02:37:01.189977
58,39,add_to_cart,2026-04-26T17:07:01.189977
67,49,view,2026-03-21T13:57:01.189977
25,44,add_to_cart,2026-04-18T01:09:01.189977
72,19,add_to_cart,2026-05-02T07:35:01.189977
35,35,purchase,2026-05-29T15:03:01.189977
36,6,add_to_cart,2026-04-21T20:11:01.189977
45,29,click,2026-04-05T19:02:01.189977
80,37,add_to_cart,2026-03-25T11:32:01.189977
73,8,view,2026-05-10T11:33:01.189977
37,14,view,2026-03-23T08:33:01.189977
27,24,view,2026-03-17T10:26:01.189977
12,13,add_to_cart,2026-04-13T12:04:01.189977
95,21,view,2026-04-10T23:56:01.189977
31,14,view,2026-04-02T17:08:01.189977
87,36,view,2026-05-19T21:54:01.189977
72,27,click,2026-05-28T21:58:01.189977
9,7,click,2026-05-07T22:07:01.189977
27,1,view,2026-03-14T00:11:01.189977
100,42,view,2026-03-09T12:14:01.189977
60,7,add_to_cart,2026-05-14T18:14:01.189977
30,21,view,2026-03-11T18:40:01.189977
100,21,view,2026-04-04T07:51:01.189977
31,46,click,2026-03-12T21:41:01.189977
34,2,view,2026-03-19T09:54:01.189977
89,8,click,2026-03-21T05:44:01.189977
28,28,click,2026-04-04T00:39:01.189977
82,20,add_to_cart,2026-04-21T22:13:01.189977
4,8,view,2026-04-16T19:58:01.189977
79,50,view,2026-05-27T09:56:01.189977
78,50,add_to_cart,2026-03-29T23:35:01.189977
33,8,purchase,2026-03-25T12:11:01.189977
37,22,click,2026-05-28T23:09:01.189977
79,40,click,2026-04-22T20:39:01.189977
50,14,view,2026-04-05T02:55:01.189977
9,16,click,2026-05-17T17:24:01.189977
19,24,view,2026-03-19T16:07:01.189977
66,48,view,2026-04-27T00:37:01.189977
100,13,view,2026-03-20T14:18:01.189977
8,43,view,2026-03-11T08:11:01.189977
81,47,view,2026-05-02T20:08:01.189977
65,32,view,2026-03-11T18:27:01.189977
41,4,view,2026-03-08T21:28:01.189977
86,6,view,2026-05-10T16:04:01.189977
67,48,view,2026-03-05T18:31:01.189977
94,12,view,2026-05-10T13:21:01.189977
42,20,click,2026-04-29T22:11:01.189977
26,36,view,2026-04-03T03:45:01.189977
91,1,add_to_cart,2026-04-10T04:32:01.189977
34,24,purchase,2026-04-07T07:51:01.189977
30,15,click,2026-03-10T02:45:01.189977
95,34,view,2026-03-31T06:57:01.189977
40,36,click,2026-05-10T01:37:01.189977
71,29,view,2026-03-21T23:41:01.189977
78,10,view,2026-03-19T12:16:01.189977
96,24,purchase,2026-05-29T07:54:01.189977
55,7,view,2026-05-23T10:43:01.189977
9,12,view,2026-03-16T07:22:01.189977
2,48,click,2026-03-20T12:39:01.189977
48,20,view,2026-03-31T17:25:01.189977
52,17,add_to_cart,2026-03-14T07:48:01.189977
83,44,view,2026-04-26T06:00:01.189977
25,6,add_to_cart,2026-03-26T10:53:01.189977
41,34,view,2026-04-28T13:32:01.189977
42,47,click,2026-03-09T07:44:01.189977
31,33,view,2026-04-29T16:49:01.189977
65,31,view,2026-04-09T00:54:01.189977
69,20,click,2026-05-20T09:25:01.189977
90,22,view,2026-05-28T00:59:01.189977
65,20,view,2026-05-21T19:16:01.189977
96,27,add_to_cart,2026-03-23T17:55:01.189977
26,8,click,2026-04-02T12:32:01.189977
67,29,add_to_cart,2026-04-28T21:52:01.189977
60,34,view,2026-03-07T06:09:01.189977
17,33,view,2026-04-19T23:14:01.189977
24,41,view,2026-04-01T11:12:01.189977
25,48,view,2026-05-25T16:02:01.189977
31,32,view,2026-03-26T13:11:01.189977
28,32,click,2026-04-04T18:28:01.189977
7,40,purchase,2026-05-15T00:48:01.189977
21,47,add_to_cart,2026-04-23T19:02:01.189977
28,38,click,2026-05-20T01:16:01.189977
86,20,view,2026-04-04T17:38:01.189977
13,6,view,2026-05-27T17:14:01.189977
92,21,view,2026-04-22T18:40:01.189977
76,20,view,2026-04-01T17:12:01.189977
79,44,view,2026-03-14T00:02:01.189977
67,25,click,2026-05-09T15:54:01.189977
79,42,view,2026-03-13T12:19:01.189977
96,21,view,2026-05-11T00:28:01.189977
80,28,view,2026-03-10T08:43:01.189977
7,15,view,2026-05-14T03:33:01.189977
50,37,view,2026-04-12T01:32:01.189977
95,12,view,2026-04-21T11:02:01.189977
43,43,add_to_cart,2026-04-07T02:24:01.189977
5,19,click,2026-05-16T02:43:01.189977
63,32,add_to_cart,2026-05-24T14:54:01.189977
9,30,purchase,2026-03-31T12:27:01.189977
40,15,click,2026-04-28T02:27:01.189977
6,49,click,2026-03-19T05:20:01.189977
24,22,view,2026-03-10T10:11:01.189977
74,26,click,2026-04-03T13:28:01.189977
76,50,view,2026-03-14T19:54:01.189977
26,7,view,2026-05-01T21:46:01.189977
45,46,view,2026-05-29T22:59:01.189977
42,3,click,2026-03-11T20:41:01.189977
4,26,click,2026-03-22T01:43:01.189977
54,33,view,2026-05-27T02:24:01.189977
78,9,view,2026-04-08T02:18:01.189977
64,35,view,2026-04-29T04:05:01.189977
96,7,view,2026-03-23T03:08:01.189977
91,24,view,2026-05-20T07:51:01.189977
4,31,view,2026-04-18T08:42:01.189977
23,11,view,2026-05-10T11:18:01.189977
54,45,view,2026-05-07T01:55:01.189977
15,39,view,2026-03-31T03:28:01.189977
33,44,view,2026-03-14T03:46:01.189977
14,39,view,2026-05-11T15:32:01.189977
99,33,view,2026-03-16T18:35:01.189977
54,48,view,2026-03-30T13:47:01.189977
1,27,view,2026-04-25T17:40:01.189977
80,19,view,2026-05-25T01:11:01.189977
60,47,view,2026-03-28T10:04:01.189977
42,46,view,2026-05-17T20:46:01.189977
62,42,add_to_cart,2026-05-22T08:50:01.189977
15,22,click,2026-04-05T14:28:01.189977
84,4,click,2026-03-26T15:26:01.189977
62,17,view,2026-04-10T21:52:01.189977
84,27,click,2026-04-18T22:42:01.189977
59,9,view,2026-03-31T03:28:01.189977
6,18,add_to_cart,2026-04-01T00:35:01.189977
86,38,add_to_cart,2026-04-10T11:56:01.189977
91,49,view,2026-03-11T19:12:01.189977
94,36,view,2026-03-28T18:13:01.189977
27,42,view,2026-04-16T17:57:01.189977
60,50,click,2026-03-06T14:30:01.189977
36,30,click,2026-04-11T01:15:01.189977
6,39,view,2026-05-19T15:42:01.189977
78,31,click,2026-03-16T12:17:01.189977
49,21,click,2026-05-26T11:49:01.189977
43,7,view,2026-04-18T09:17:01.189977
99,1,view,2026-04-16T04:49:01.189977
65,32,view,2026-04-11T21:07:01.189977
75,32,add_to_cart,2026-03-21T06:16:01.189977
68,35,view,2026-05-16T15:27:01.189977
12,11,view,2026-03-13T00:41:01.189977
38,39,view,2026-03-16T07:06:01.189977
97,9,click,2026-04-29T00:21:01.189977
60,34,click,2026-04-11T07:45:01.189977
100,43,view,2026-04-16T07:37:01.189977
91,4,view,2026-03-22T03:24:01.189977
30,39,view,2026-05-11T23:13:01.189977
3,11,click,2026-03-26T02:49:01.189977
90,30,view,2026-05-10T11:32:01.189977
75,33,view,2026-04-06T18:59:01.189977
95,35,view,2026-05-06T12:15:01.189977
30,46,view,2026-05-12T00:19:01.189977
13,19,view,2026-04-04T22:08:01.189977
99,3,view,2026-05-28T18:13:01.189977
85,50,view,2026-03-26T11:24:01.189977
7,13,click,2026-05-27T21:40:01.189977
65,45,click,2026-05-28T21:33:01.189977
22,47,view,2026-04-26T21:59:01.189977
74,7,view,2026-05-04T00:22:01.189977
82,19,view,2026-05-31T10:53:01.189977
47,8,view,2026-05-05T07:29:01.189977
10,16,add_to_cart,2026-05-19T23:31:01.189977
20,49,view,2026-05-22T16:38:01.189977
81,38,add_to_cart,2026-03-22T17:50:01.189977
100,50,click,2026-04-12T04:19:01.189977
34,23,click,2026-03-03T07:09:01.189977
7,17,view,2026-03-12T17:07:01.189977
39,8,view,2026-05-25T03:11:01.189977
47,16,click,2026-04-24T12:53:01.189977
18,35,click,2026-04-26T11:17:01.189977
97,27,add_to_cart,2026-04-05T17:20:01.189977
28,20,add_to_cart,2026-04-23T20:59:01.189977
31,6,add_to_cart,2026-05-17T10:02:01.189977
43,39,click,2026-04-03T12:52:01.189977
75,22,view,2026-05-05T11:50:01.189977
78,45,view,2026-05-04T09:53:01.189977
89,6,view,2026-03-17T08:22:01.189977
63,2,add_to_cart,2026-03-19T00:39:01.189977
26,22,click,2026-05-12T04:25:01.189977
26,43,view,2026-03-24T09:56:01.189977
28,13,click,2026-05-15T22:43:01.189977
72,27,click,2026-05-24T19:30:01.189977
51,1,view,2026-05-18T09:00:01.189977
2,11,view,2026-03-31T13:24:01.189977
77,1,view,2026-04-25T02:56:01.189977
85,28,click,2026-04-05T08:20:01.189977
39,47,view,2026-03-31T11:36:01.189977
9,46,view,2026-03-09T01:00:01.189977
62,26,view,2026-03-27T16:01:01.189977
56,16,add_to_cart,2026-04-25T18:28:01.189977
56,13,click,2026-03-18T17:27:01.189977
88,50,add_to_cart,2026-04-06T02:06:01.189977
38,50,add_to_cart,2026-05-24T23:23:01.189977
45,17,purchase,2026-04-09T05:44:01.189977
32,15,view,2026-05-08T13:00:01.189977
78,16,purchase,2026-05-22T02:17:01.189977
25,39,add_to_cart,2026-03-09T05:36:01.189977
43,24,click,2026-05-19T23:17:01.189977
60,39,click,2026-03-31T20:58:01.189977
87,36,view,2026-04-04T04:31:01.189977
60,14,click,2026-04-04T18:35:01.189977
80,44,view,2026-04-26T06:52:01.189977
74,28,view,2026-04-23T00:51:01.189977
79,49,view,2026-05-31T12:33:01.189977
70,30,view,2026-03-03T07:27:01.189977
25,11,click,2026-05-26T11:07:01.189977
36,12,purchase,2026-03-25T16:59:01.189977
50,7,click,2026-03-24T00:38:01.189977
19,42,view,2026-03-06T20:34:01.189977
63,8,click,2026-04-27T16:51:01.189977
70,11,view,2026-03-07T04:55:01.189977
46,41,add_to_cart,2026-05-25T17:49:01.189977
73,32,click,2026-05-29T03:28:01.189977
67,11,view,2026-03-19T03:29:01.189977
49,22,view,2026-03-18T11:43:01.189977
59,34,add_to_cart,2026-03-10T16:20:01.189977
92,33,view,2026-05-17T09:59:01.189977
13,18,view,2026-03-29T08:38:01.189977
76,19,view,2026-04-04T00:26:01.189977
47,5,add_to_cart,2026-05-29T18:18:01.189977
68,15,add_to_cart,2026-05-26T01:34:01.189977
82,16,view,2026-03-29T19:45:01.189977
43,45,view,2026-04-09T15:13:01.189977
93,34,view,2026-04-04T01:21:01.189977
88,44,click,2026-03-04T20:17:01.189977
46,3,view,2026-04-09T08:16:01.189977
2,24,view,2026-03-18T06:20:01.189977
60,35,view,2026-05-14T01:59:01.189977
61,46,click,2026-05-24T00:21:01.189977
56,46,view,2026-03-20T22:59:01.189977
79,20,add_to_cart,2026-04-20T02:30:01.189977
13,8,view,2026-05-01T22:32:01.189977
24,2,view,2026-04-04T06:38:01.189977
57,40,click,2026-03-30T00:49:01.189977
19,43,view,2026-05-21T16:00:01.189977
52,21,add_to_cart,2026-04-01T16:44:01.189977
98,42,click,2026-05-21T14:45:01.189977
82,49,view,2026-04-29T02:24:01.189977
9,17,add_to_cart,2026-04-30T20:06:01.189977
95,41,add_to_cart,2026-03-17T13:35:01.189977
29,9,view,2026-04-11T10:26:01.189977
95,10,add_to_cart,2026-04-03T21:33:01.189977
99,36,view,2026-05-04T15:30:01.189977
88,49,view,2026-04-27T08:39:01.189977
29,25,click,2026-03-23T19:59:01.189977
70,47,view,2026-03-21T13:23:01.189977
43,30,click,2026-05-20T03:35:01.189977
56,47,view,2026-03-25T00:12:01.189977
51,30,add_to_cart,2026-03-26T11:14:01.189977
3,18,view,2026-03-12T16:38:01.189977
74,9,view,2026-04-04T15:56:01.189977
53,11,click,2026-05-19T13:06:01.189977
76,12,view,2026-03-12T21:56:01.189977
86,16,view,2026-05-24T14:01:01.189977
9,48,view,2026-05-04T16:35:01.189977
42,13,view,2026-04-23T21:40:01.189977
87,38,view,2026-03-18T00:42:01.189977
7,11,view,2026-04-27T09:25:01.189977
87,1,view,2026-03-28T20:01:01.189977
24,17,view,2026-05-27T12:26:01.189977
60,22,click,2026-04-06T15:52:01.189977
23,9,view,2026-03-17T06:21:01.189977
5,16,view,2026-05-16T03:26:01.189977
54,31,purchase,2026-04-14T04:01:01.189977
69,48,add_to_cart,2026-05-23T10:43:01.189977
33,5,view,2026-04-06T20:47:01.189977
74,16,view,2026-03-11T15:40:01.189977
54,45,view,2026-05-20T05:32:01.189977
28,32,view,2026-05-24T19:07:01.189977
30,33,click,2026-04-01T13:51:01.189977
10,2,click,2026-04-02T03:45:01.189977
43,39,click,2026-03-21T10:32:01.189977
35,6,view,2026-03-30T10:25:01.189977
22,31,view,2026-03-06T03:58:01.189977
29,1,purchase,2026-05-12T23:13:01.189977
76,12,view,2026-03-21T05:53:01.189977
27,26,view,2026-04-29T06:54:01.189977
55,9,click,2026-05-17T17:09:01.189977
80,12,view,2026-04-30T02:02:01.189977
31,29,view,2026-03-06T12:29:01.189977
68,42,add_to_cart,2026-05-20T10:15:01.189977
86,43,add_to_cart,2026-05-09T23:32:01.189977
29,19,view,2026-03-10T19:50:01.189977
87,21,view,2026-04-13T13:15:01.189977
62,24,view,2026-04-25T18:31:01.189977
99,21,view,2026-03-20T12:24:01.189977
33,41,view,2026-04-06T16:55:01.189977
16,47,click,2026-04-27T21:45:01.189977
29,30,click,2026-03-22T10:34:01.189977
45,39,add_to_cart,2026-04-27T16:59:01.189977
85,45,view,2026-05-04T10:11:01.189977
11,29,view,2026-04-22T12:47:01.189977
82,43,view,2026-03-16T11:41:01.189977
99,25,add_to_cart,2026-05-09T08:53:01.189977
78,21,view,2026-03-29T16:13:01.189977
77,6,view,2026-04-22T16:35:01.189977
99,38,view,2026-05-18T19:19:01.189977
88,13,view,2026-03-25T13:05:01.189977
62,47,purchase,2026-05-19T14:14:01.189977
26,39,view,2026-04-30T11:42:01.189977
5,45,view,2026-05-01T21:54:01.189977
15,43,add_to_cart,2026-03-19T14:10:01.189977
98,5,add_to_cart,2026-05-18T01:00:01.189977
6,50,click,2026-04-14T03:34:01.189977
46,32,view,2026-04-05T19:15:01.189977
86,15,view,2026-03-03T12:56:01.189977
27,36,click,2026-04-07T02:36:01.189977
72,26,view,2026-04-26T09:03:01.189977
6,11,click,2026-04-20T07:37:01.189977
40,41,view,2026-03-24T13:46:01.189977
56,10,view,2026-03-21T23:25:01.189977
87,10,view,2026-04-19T18:31:01.189977
50,6,view,2026-05-23T18:29:01.189977
100,30,view,2026-05-22T10:29:01.189977
34,50,click,2026-04-12T08:53:01.189977
63,18,view,2026-05-03T00:44:01.189977
31,25,view,2026-05-22T21:25:01.189977
66,41,click,2026-03-04T18:15:01.189977
83,1,click,2026-03-27T05:19:01.189977
95,14,click,2026-05-05T17:17:01.189977
48,28,view,2026-03-30T10:09:01.189977
4,30,view,2026-03-11T11:30:01.189977
11,36,view,2026-05-07T17:07:01.189977
6,27,view,2026-03-18T11:00:01.189977
25,48,add_to_cart,2026-05-11T07:04:01.189977
88,24,click,2026-03-31T09:16:01.189977
20,10,view,2026-04-11T20:08:01.189977
62,33,view,2026-05-04T10:39:01.189977
75,37,view,2026-03-26T03:43:01.189977
72,21,view,2026-05-13T20:47:01.189977
82,36,view,2026-05-24T11:57:01.189977
9,38,click,2026-04-07T21:48:01.189977
14,24,view,2026-05-13T22:46:01.189977
75,49,click,2026-04-21T12:03:01.189977
47,12,view,2026-04-03T11:35:01.189977
35,12,view,2026-03-18T07:03:01.189977
33,38,view,2026-03-23T19:54:01.189977
51,14,view,2026-03-08T22:33:01.189977
5,34,view,2026-04-09T11:03:01.189977
24,29,add_to_cart,2026-03-27T08:02:01.189977
37,47,view,2026-04-04T00:23:01.189977
27,45,purchase,2026-03-20T19:40:01.189977
63,5,view,2026-05-02T03:26:01.189977
54,38,add_to_cart,2026-04-11T02:08:01.189977
78,21,add_to_cart,2026-04-28T22:22:01.189977
4,43,add_to_cart,2026-05-21T19:58:01.189977
69,36,add_to_cart,2026-03-20T03:16:01.189977
59,1,click,2026-05-11T11:25:01.189977
64,47,view,2026-03-27T00:07:01.189977
40,23,view,2026-03-22T19:49:01.189977
83,33,click,2026-03-23T14:48:01.189977
48,29,view,2026-04-14T12:52:01.189977
38,30,view,2026-03-26T18:14:01.189977
99,23,view,2026-05-15T07:04:01.189977
70,28,add_to_cart,2026-04-05T09:29:01.189977
23,47,view,2026-05-19T23:39:01.189977
100,18,view,2026-04-24T08:12:01.189977
82,17,click,2026-04-02T03:54:01.189977
49,39,view,2026-05-12T07:33:01.189977
3,10,view,2026-04-06T13:58:01.189977
18,18,view,2026-04-17T06:47:01.189977
79,35,view,2026-05-11T21:08:01.189977
62,27,view,2026-04-02T09:27:01.189977
46,12,view,2026-05-17T21:32:01.189977
23,7,click,2026-05-27T15:41:01.189977
9,3,add_to_cart,2026-03-02T18:08:01.189977
21,49,click,2026-05-28T02:11:01.189977
66,45,click,2026-05-29T03:21:01.189977
34,26,view,2026-03-15T09:12:01.189977
62,14,add_to_cart,2026-05-05T02:58:01.189977
18,23,view,2026-05-08T08:06:01.189977
31,44,view,2026-04-01T16:49:01.189977
60,45,view,2026-05-04T23:49:01.189977
6,2,click,2026-05-04T12:39:01.189977
22,40,view,2026-03-05T23:09:01.189977
84,8,view,2026-03-07T02:44:01.189977
35,38,click,2026-04-07T12:34:01.189977
31,32,view,2026-04-01T15:30:01.189977
59,36,click,2026-04-30T15:06:01.189977
79,10,view,2026-05-18T05:15:01.189977
93,10,view,2026-04-10T11:36:01.189977
20,42,click,2026-05-03T20:58:01.189977
6,36,purchase,2026-04-05T16:48:01.189977
82,32,add_to_cart,2026-03-26T16:02:01.189977
71,19,view,2026-04-30T14:53:01.189977
4,40,view,2026-04-07T17:03:01.189977
71,10,view,2026-03-24T02:31:01.189977
80,20,view,2026-04-26T13:08:01.189977
86,21,view,2026-03-24T20:11:01.189977
24,14,add_to_cart,2026-04-09T06:02:01.189977
64,38,view,2026-05-28T02:23:01.189977
10,23,view,2026-05-11T00:51:01.189977
61,46,view,2026-04-08T15:43:01.189977
42,49,view,2026-05-17T03:43:01.189977
6,46,click,2026-05-10T07:08:01.189977
46,27,click,2026-05-12T09:25:01.189977
71,40,click,2026-05-16T00:58:01.189977
62,45,view,2026-05-27T18:54:01.189977
70,24,view,2026-04-14T01:44:01.189977
24,44,view,2026-03-19T23:31:01.189977
52,20,add_to_cart,2026-04-23T16:32:01.189977
21,14,view,2026-03-10T23:29:01.189977
57,17,view,2026-04-03T00:02:01.189977
64,38,view,2026-05-07T05:41:01.189977
9,37,click,2026-05-02T17:33:01.189977
98,18,add_to_cart,2026-05-03T04:22:01.189977
17,5,view,2026-04-03T03:47:01.189977
89,30,view,2026-04-06T01:04:01.189977
76,9,click,2026-03-10T07:45:01.189977
73,9,view,2026-05-29T08:31:01.189977
12,24,add_to_cart,2026-05-23T19:29:01.189977
45,24,add_to_cart,2026-04-15T04:49:01.189977
6,18,view,2026-04-20T05:40:01.189977
90,41,click,2026-03-27T12:11:01.189977
63,13,view,2026-03-15T18:35:01.189977
69,29,view,2026-04-26T16:44:01.189977
50,34,add_to_cart,2026-05-06T18:56:01.189977
26,42,view,2026-05-29T00:05:01.189977
10,7,add_to_cart,2026-03-29T06:50:01.189977
62,23,view,2026-04-15T03:01:01.189977
60,41,view,2026-04-24T18:59:01.189977
59,44,view,2026-03-24T06:45:01.189977
22,43,add_to_cart,2026-05-07T06:43:01.189977
19,6,click,2026-05-27T03:20:01.189977
42,1,click,2026-04-01T09:28:01.189977
7,6,view,2026-04-19T03:41:01.189977
68,46,view,2026-03-06T11:50:01.189977
67,1,view,2026-03-11T15:31:01.189977
24,26,click,2026-04-21T16:12:01.189977
45,10,view,2026-03-11T01:02:01.189977
14,24,click,2026-05-16T09:25:01.189977
51,25,view,2026-04-21T21:19:01.189977
39,45,view,2026-05-28T13:03:01.189977
33,3,view,2026-03-09T16:25:01.189977
40,22,view,2026-04-25T21:29:01.189977
14,43,view,2026-05-16T19:57:01.189977
70,21,view,2026-03-04T05:54:01.189977
93,3,view,2026-04-16T05:36:01.189977
60,39,add_to_cart,2026-05-24T18:52:01.189977
17,21,view,2026-03-23T07:59:01.189977
11,12,view,2026-04-14T22:06:01.189977
90,42,purchase,2026-05-28T17:06:01.189977
21,2,click,2026-04-25T04:14:01.189977
79,40,view,2026-05-31T03:37:01.189977
87,14,add_to_cart,2026-03-31T12:59:01.189977
6,28,view,2026-05-27T14:44:01.189977
46,11,view,2026-04-27T21:43:01.189977
57,4,view,2026-04-22T20:22:01.189977
42,41,add_to_cart,2026-05-03T09:57:01.189977
4,36,view,2026-04-27T18:20:01.189977
63,21,click,2026-05-17T21:10:01.189977
26,21,view,2026-04-19T12:19:01.189977
37,8,add_to_cart,2026-05-19T08:13:01.189977
19,28,purchase,2026-05-06T01:10:01.189977
10,41,view,2026-05-09T10:51:01.189977
98,32,view,2026-05-03T19:10:01.189977
89,32,purchase,2026-05-13T22:27:01.189977
40,14,purchase,2026-03-21T12:28:01.189977
54,5,click,2026-04-30T16:24:01.189977
23,10,add_to_cart,2026-05-14T02:06:01.189977
38,47,purchase,2026-03-12T08:04:01.189977
67,50,view,2026-05-03T21:20:01.189977
91,10,add_to_cart,2026-05-07T13:41:01.189977
97,19,view,2026-05-12T20:42:01.189977
10,45,view,2026-03-30T10:36:01.189977
54,40,add_to_cart,2026-05-20T00:21:01.189977
92,32,click,2026-04-11T12:31:01.189977
60,46,click,2026-03-23T15:54:01.189977
25,1,add_to_cart,2026-03-17T03:48:01.189977
94,28,view,2026-04-07T12:40:01.189977
76,48,view,2026-03-03T22:11:01.189977
8,7,click,2026-05-13T13:35:01.189977
35,28,view,2026-04-21T03:08:01.189977
7,34,click,2026-05-04T06:54:01.189977
58,21,view,2026-05-19T18:25:01.189977
80,11,click,2026-03-28T05:07:01.189977
25,17,view,2026-04-16T22:33:01.189977
1,44,add_to_cart,2026-05-01T21:46:01.189977
13,17,view,2026-04-10T00:45:01.189977
28,33,click,2026-05-31T00:08:01.189977
43,26,view,2026-04-26T05:47:01.189977
23,46,purchase,2026-03-19T22:48:01.189977
50,42,view,2026-03-10T11:29:01.189977
96,7,view,2026-03-26T21:08:01.189977
66,1,click,2026-03-04T19:17:01.189977
66,14,view,2026-03-20T23:59:01.189977
2,25,view,2026-03-12T17:53:01.189977
43,37,click,2026-03-18T06:16:01.189977
73,42,view,2026-03-20T00:21:01.189977
96,34,view,2026-03-29T03:35:01.189977
44,24,view,2026-04-28T15:43:01.189977
37,23,view,2026-05-17T13:16:01.189977
32,4,view,2026-03-16T13:16:01.189977
59,29,add_to_cart,2026-05-05T11:02:01.189977
17,8,view,2026-05-20T11:05:01.189977
65,21,view,2026-04-13T15:09:01.189977
65,25,add_to_cart,2026-05-21T01:17:01.189977
52,40,click,2026-05-19T21:38:01.189977
31,33,click,2026-05-18T23:30:01.189977
56,18,view,2026-05-22T12:19:01.189977
62,3,click,2026-04-26T10:27:01.189977
71,28,view,2026-05-20T20:55:01.189977
44,38,view,2026-04-08T21:59:01.189977
41,47,view,2026-05-01T19:12:01.189977
18,11,add_to_cart,2026-03-13T22:59:01.189977
39,46,click,2026-05-04T03:08:01.189977
15,31,click,2026-05-05T10:43:01.189977
27,3,view,2026-05-08T02:39:01.189977
31,8,add_to_cart,2026-03-09T09:39:01.189977
11,9,view,2026-04-18T02:54:01.189977
95,9,view,2026-03-05T00:41:01.189977
75,25,add_to_cart,2026-03-24T17:41:01.189977
100,2,view,2026-03-04T04:15:01.189977
80,19,click,2026-04-25T10:28:01.189977
68,11,click,2026-04-22T19:13:01.189977
1,5,click,2026-04-14T10:21:01.189977
77,17,add_to_cart,2026-05-08T15:14:01.189977
75,47,view,2026-05-06T11:43:01.189977
17,45,add_to_cart,2026-05-29T09:36:01.189977
49,6,add_to_cart,2026-05-09T14:41:01.189977
37,42,click,2026-03-15T01:41:01.189977
3,9,click,2026-05-27T17:06:01.189977
43,32,click,2026-05-09T21:08:01.189977
31,22,add_to_cart,2026-04-14T07:55:01.189977
76,44,view,2026-05-15T13:21:01.189977
69,3,view,2026-04-11T03:05:01.189977
90,13,view,2026-03-28T16:37:01.189977
39,3,view,2026-05-07T04:39:01.189977
57,12,view,2026-05-02T10:14:01.189977
51,3,add_to_cart,2026-05-16T14:00:01.189977
89,1,click,2026-05-06T13:15:01.189977
17,28,click,2026-05-26T05:31:01.189977
100,44,purchase,2026-03-22T20:30:01.189977
78,27,click,2026-04-29T00:49:01.189977
68,36,view,2026-03-19T13:51:01.189977
22,32,view,2026-03-29T15:58:01.189977
65,35,click,2026-05-01T12:05:01.189977
36,45,view,2026-05-13T03:36:01.189977
39,25,click,2026-04-15T06:04:01.189977
38,48,add_to_cart,2026-03-18T03:55:01.189977
50,49,view,2026-03-28T12:46:01.189977
78,4,view,2026-04-10T10:12:01.189977
73,11,purchase,2026-05-07T11:16:01.189977
6,35,view,2026-05-20T22:33:01.189977
40,7,view,2026-04-13T14:41:01.189977
96,15,view,2026-04-12T06:10:01.189977
85,39,click,2026-04-04T22:00:01.189977
98,29,view,2026-04-09T05:17:01.189977
8,17,view,2026-05-13T04:21:01.189977
90,40,view,2026-04-26T06:20:01.189977
70,2,click,2026-05-10T04:20:01.189977
35,13,view,2026-05-26T04:19:01.189977
95,4,view,2026-05-07T15:04:01.189977
53,5,view,2026-05-30T17:37:01.189977
63,35,view,2026-04-11T03:24:01.189977
85,44,add_to_cart,2026-04-15T19:21:01.189977
67,19,view,2026-04-15T20:28:01.189977
50,48,view,2026-03-11T10:35:01.189977
79,1,view,2026-03-17T18:48:01.189977
35,17,click,2026-03-20T11:49:01.189977
89,3,click,2026-03-27T11:45:01.189977
77,15,view,2026-04-15T19:08:01.189977
42,2,add_to_cart,2026-04-23T10:14:01.189977
68,19,click,2026-04-28T02:16:01.189977
7,29,add_to_cart,2026-04-02T13:40:01.189977
3,24,view,2026-03-11T11:51:01.189977
16,38,view,2026-03-24T07:08:01.189977
90,6,view,2026-03-30T15:01:01.189977
100,43,add_to_cart,2026-05-19T07:36:01.189977
7,43,view,2026-05-01T01:01:01.189977
55,20,click,2026-04-03T09:06:01.189977
29,45,view,2026-04-19T18:16:01.189977
14,5,view,2026-05-09T05:52:01.189977
62,34,add_to_cart,2026-05-03T02:27:01.189977
27,1,view,2026-05-02T00:37:01.189977
2,26,add_to_cart,2026-05-27T01:13:01.189977
44,4,click,2026-03-05T22:16:01.189977
18,14,view,2026-03-04T13:50:01.189977
83,50,click,2026-04-29T01:45:01.189977
2,8,view,2026-03-05T09:41:01.189977
98,35,add_to_cart,2026-04-01T01:37:01.189977
92,49,view,2026-05-10T16:55:01.189977
5,36,click,2026-05-02T15:42:01.189977
50,47,view,2026-03-17T16:52:01.189977
39,39,add_to_cart,2026-03-13T01:24:01.189977
75,28,view,2026-05-12T12:30:01.189977
58,1,purchase,2026-04-11T14:39:01.189977
26,1,view,2026-05-02T15:52:01.189977
57,15,view,2026-05-02T11:01:01.189977
50,15,view,2026-03-23T01:32:01.189977
76,30,view,2026-03-06T02:56:01.189977
78,2,add_to_cart,2026-05-06T13:59:01.189977
68,50,click,2026-03-07T15:06:01.189977
96,33,view,2026-04-04T17:38:01.189977
97,21,view,2026-03-24T14:19:01.189977
87,15,view,2026-03-14T23:01:01.189977
49,4,click,2026-03-16T03:26:01.189977
51,1,view,2026-04-20T16:14:01.189977
69,21,view,2026-05-19T17:15:01.189977
61,11,click,2026-03-22T08:24:01.189977
83,32,view,2026-04-26T12:33:01.189977
73,20,view,2026-04-20T04:08:01.189977
83,22,view,2026-03-08T03:58:01.189977
53,10,click,2026-04-29T23:31:01.189977
23,49,purchase,2026-05-11T18:23:01.189977
72,2,view,2026-05-24T04:02:01.189977
98,41,purchase,2026-05-07T08:46:01.189977
49,19,view,2026-05-14T15:49:01.189977
1,17,add_to_cart,2026-04-13T06:39:01.189977
80,3,purchase,2026-04-14T09:28:01.189977
54,49,purchase,2026-05-30T00:09:01.189977
100,40,add_to_cart,2026-03-24T17:44:01.189977
67,33,view,2026-05-17T05:34:01.189977
77,47,add_to_cart,2026-05-08T18:42:01.189977
86,19,view,2026-03-25T12:15:01.189977
16,11,click,2026-05-15T11:07:01.189977
60,9,add_to_cart,2026-04-06T10:29:01.189977
70,21,click,2026-05-20T21:40:01.189977
8,17,add_to_cart,2026-04-28T22:14:01.189977
27,17,view,2026-03-21T16:59:01.189977
99,21,click,2026-05-11T11:03:01.189977
74,12,click,2026-03-19T16:46:01.189977
32,18,click,2026-04-07T19:31:01.189977
89,50,view,2026-05-22T00:25:01.189977
96,42,view,2026-03-15T05:10:01.189977
80,49,add_to_cart,2026-05-15T02:33:01.189977
80,46,view,2026-03-29T12:24:01.189977
87,46,view,2026-04-09T12:52:01.189977
48,17,view,2026-05-29T01:21:01.189977
85,48,view,2026-05-27T08:32:01.189977
86,18,view,2026-05-30T00:01:01.189977
93,31,view,2026-04-10T00:36:01.189977
43,7,click,2026-03-03T14:48:01.189977
23,48,view,2026-05-20T23:06:01.189977
53,3,add_to_cart,2026-05-10T00:43:01.189977
92,29,view,2026-04-21T06:33:01.189977
34,28,add_to_cart,2026-03-13T04:15:01.189977
86,11,view,2026-04-16T02:20:01.189977
63,19,view,2026-03-17T18:18:01.189977
34,43,view,2026-04-13T16:46:01.189977
97,21,add_to_cart,2026-03-22T06:55:01.189977
56,35,view,2026-04-01T08:32:01.189977
38,31,click,2026-04-25T01:12:01.189977
2,18,view,2026-03-07T11:15:01.189977
23,30,purchase,2026-05-25T02:22:01.189977
79,24,view,2026-05-18T09:21:01.189977
69,26,view,2026-04-27T03:18:01.189977
70,14,click,2026-05-28T20:49:01.189977
6,17,view,2026-03-04T02:56:01.189977
76,37,view,2026-03-04T14:54:01.189977
30,44,purchase,2026-04-28T16:12:01.189977
96,13,view,2026-03-15T09:56:01.189977
1,3,click,2026-03-25T08:28:01.189977
21,31,view,2026-03-18T09:20:01.189977
96,33,view,2026-04-22T15:05:01.189977
68,30,view,2026-04-12T08:05:01.189977
25,33,click,2026-05-18T17:06:01.189977
52,36,click,2026-04-26T06:28:01.189977
78,4,view,2026-04-08T17:27:01.189977
83,15,view,2026-05-13T11:36:01.189977
65,2,add_to_cart,2026-03-03T15:03:01.189977
26,49,view,2026-03-28T03:54:01.189977
38,38,click,2026-05-11T16:48:01.189977
80,15,view,2026-03-11T06:42:01.189977
34,50,click,2026-03-22T13:25:01.189977
95,24,purchase,2026-04-17T18:32:01.189977
85,30,add_to_cart,2026-04-08T07:57:01.189977
61,20,view,2026-04-22T23:14:01.189977
84,42,click,2026-04-19T11:59:01.189977
5,42,view,2026-03-09T09:54:01.189977
95,20,view,2026-03-13T05:30:01.189977
25,14,add_to_cart,2026-05-07T20:29:01.189977
49,13,add_to_cart,2026-05-20T06:01:01.189977
52,36,view,2026-05-13T09:46:01.189977
64,14,add_to_cart,2026-03-15T12:44:01.189977
78,19,view,2026-04-18T23:48:01.189977
18,18,click,2026-04-16T18:39:01.189977
51,42,view,2026-03-30T02:55:01.189977
29,11,view,2026-03-19T21:07:01.189977
21,41,click,2026-04-10T20:39:01.189977
30,6,view,2026-05-20T10:43:01.189977
15,19,view,2026-04-30T14:42:01.189977
81,39,view,2026-05-05T09:03:01.189977
61,17,view,2026-03-27T00:40:01.189977
5,16,add_to_cart,2026-04-18T18:14:01.189977
25,47,view,2026-05-26T08:06:01.189977
29,3,click,2026-03-08T05:07:01.189977
49,15,view,2026-03-21T04:47:01.189977
82,30,add_to_cart,2026-04-22T06:13:01.189977
40,20,view,2026-05-02T22:30:01.189977
43,44,click,2026-03-25T07:18:01.189977
20,25,view,2026-04-04T01:52:01.189977
87,23,view,2026-05-14T05:04:01.189977
28,42,view,2026-04-16T18:17:01.189977
21,9,view,2026-05-06T03:24:01.189977
96,8,add_to_cart,2026-03-25T08:19:01.189977
14,3,click,2026-04-16T07:23:01.189977
69,26,click,2026-04-22T17:16:01.189977
17,44,view,2026-04-14T14:55:01.189977
34,44,view,2026-05-13T10:44:01.189977
71,23,view,2026-05-01T00:48:01.189977
42,38,view,2026-04-17T04:23:01.189977
61,41,view,2026-03-06T08:56:01.189977
16,2,view,2026-04-22T04:41:01.189977
67,23,click,2026-04-01T14:23:01.189977
24,28,view,2026-05-19T08:40:01.189977
42,13,view,2026-04-13T21:47:01.189977
15,15,view,2026-03-23T19:17:01.189977
5,28,view,2026-05-21T19:17:01.189977
8,35,view,2026-04-18T08:30:01.189977
43,17,view,2026-03-06T14:37:01.189977
97,13,view,2026-03-31T07:08:01.189977
36,32,view,2026-04-16T21:28:01.189977
6,30,view,2026-04-11T22:53:01.189977
45,23,click,2026-03-06T08:46:01.189977
81,19,click,2026-05-22T17:07:01.189977
40,6,view,2026-03-15T01:41:01.189977
73,25,click,2026-04-30T12:42:01.189977
88,8,view,2026-04-04T14:06:01.189977
67,37,click,2026-03-24T00:23:01.189977
59,29,view,2026-04-01T15:27:01.189977
26,27,view,2026-03-29T02:36:01.189977
1,40,add_to_cart,2026-04-10T21:02:01.189977
58,29,view,2026-04-09T13:15:01.189977
57,31,view,2026-03-30T21:31:01.189977
86,13,view,2026-04-15T18:39:01.189977
45,3,view,2026-04-02T11:58:01.189977
84,29,view,2026-05-11T02:14:01.189977
73,30,add_to_cart,2026-05-13T19:02:01.189977
10,15,add_to_cart,2026-04-03T10:34:01.189977
43,20,click,2026-04-19T17:17:01.189977
93,7,view,2026-03-16T06:14:01.189977
57,33,purchase,2026-05-29T05:57:01.189977
56,25,add_to_cart,2026-04-05T11:15:01.189977
71,23,view,2026-04-10T02:31:01.189977
83,34,view,2026-04-07T15:12:01.189977
57,15,purchase,2026-05-29T00:38:01.189977
77,7,view,2026-05-15T15:13:01.189977
73,34,click,2026-03-29T11:45:01.189977
57,2,add_to_cart,2026-03-16T20:23:01.189977
33,14,view,2026-04-08T15:46:01.189977
81,15,add_to_cart,2026-03-20T08:32:01.189977
34,43,view,2026-05-13T14:12:01.189977
64,32,add_to_cart,2026-05-17T14:34:01.189977
85,42,view,2026-03-10T09:29:01.189977
65,41,add_to_cart,2026-04-18T11:36:01.189977
84,6,view,2026-04-12T10:38:01.189977
90,45,view,2026-03-20T02:04:01.189977
98,5,add_to_cart,2026-05-21T09:39:01.189977
93,28,click,2026-05-16T13:08:01.189977
47,12,purchase,2026-04-18T09:25:01.189977
36,17,view,2026-03-16T16:13:01.189977
72,21,click,2026-05-05T12:26:01.189977
67,11,view,2026-05-03T06:36:01.189977
88,44,add_to_cart,2026-05-20T23:43:01.189977
19,41,add_to_cart,2026-03-10T12:28:01.189977
52,48,view,2026-05-09T02:51:01.189977
94,22,view,2026-05-21T01:15:01.189977
21,20,purchase,2026-05-24T21:05:01.189977
46,36,view,2026-05-19T22:55:01.189977
40,40,click,2026-05-23T22:36:01.189977
48,1,view,2026-03-17T21:08:01.189977
53,37,purchase,2026-04-18T20:12:01.189977
33,31,view,2026-04-16T21:23:01.189977
46,3,add_to_cart,2026-04-30T19:25:01.189977
74,32,click,2026-03-29T06:13:01.189977
75,38,view,2026-04-15T07:08:01.189977
35,21,view,2026-05-20T20:40:01.189977
29,7,view,2026-03-07T23:56:01.189977
73,27,view,2026-03-19T19:03:01.189977
23,8,view,2026-05-28T12:46:01.189977
83,6,click,2026-03-06T06:01:01.189977
1,9,click,2026-03-10T04:58:01.189977
33,25,view,2026-05-12T17:38:01.189977
91,6,view,2026-05-14T13:14:01.189977
12,50,click,2026-04-19T10:16:01.189977
42,50,view,2026-05-03T16:10:01.189977
70,12,view,2026-04-13T15:04:01.189977
27,18,view,2026-03-28T11:34:01.189977
54,13,view,2026-05-14T07:19:01.189977
3,32,view,2026-04-13T00:18:01.189977
11,41,add_to_cart,2026-04-10T19:59:01.189977
87,32,view,2026-04-09T11:04:01.189977
47,40,view,2026-03-20T01:19:01.189977
81,4,view,2026-04-30T14:00:01.189977
80,3,view,2026-03-18T15:16:01.189977
58,2,click,2026-03-07T13:59:01.189977
48,41,view,2026-04-23T18:05:01.189977
42,42,view,2026-03-26T01:49:01.189977
61,37,click,2026-03-23T14:08:01.189977
64,5,click,2026-04-02T06:40:01.189977
41,17,click,2026-03-09T16:15:01.189977
73,14,view,2026-05-16T08:26:01.189977
67,38,view,2026-03-08T19:28:01.189977
97,12,view,2026-05-19T09:30:01.189977
47,17,add_to_cart,2026-05-12T06:57:01.189977
57,39,view,2026-03-30T16:09:01.189977
100,33,purchase,2026-03-11T23:31:01.189977
88,19,click,2026-05-09T18:20:01.189977
63,13,purchase,2026-04-05T13:27:01.189977
5,41,view,2026-05-12T00:42:01.189977
82,43,add_to_cart,2026-05-13T09:32:01.189977
72,19,view,2026-03-25T14:35:01.189977
56,26,purchase,2026-03-11T02:04:01.189977
72,42,view,2026-05-03T10:31:01.189977
20,12,view,2026-05-23T05:40:01.189977
54,8,click,2026-05-07T19:40:01.189977
78,24,view,2026-05-20T03:06:01.189977
88,23,view,2026-05-01T15:25:01.189977
9,17,view,2026-05-17T00:35:01.189977
48,32,click,2026-04-02T13:30:01.189977
70,36,view,2026-05-18T13:37:01.189977
36,47,view,2026-04-25T17:16:01.189977
8,40,view,2026-05-20T14:33:01.189977
22,5,add_to_cart,2026-03-05T11:41:01.189977
15,18,click,2026-04-26T22:37:01.189977
36,47,click,2026-04-29T01:02:01.189977
52,27,click,2026-03-24T06:09:01.189977
32,17,click,2026-04-30T17:14:01.189977
73,11,click,2026-03-13T17:32:01.189977
63,37,view,2026-03-05T12:35:01.189977
50,2,view,2026-03-31T01:20:01.189977
80,50,click,2026-03-15T18:40:01.189977
92,21,add_to_cart,2026-05-17T00:21:01.189977
28,48,view,2026-04-25T06:15:01.189977
84,17,click,2026-03-24T05:46:01.189977
6,44,add_to_cart,2026-04-24T22:26:01.189977
98,34,view,2026-05-29T06:06:01.189977
41,6,purchase,2026-04-13T21:29:01.189977
12,11,click,2026-03-20T02:51:01.189977
86,47,view,2026-05-20T13:45:01.189977
42,40,purchase,2026-04-13T13:31:01.189977
69,34,view,2026-03-14T21:13:01.189977
100,21,add_to_cart,2026-03-29T14:51:01.189977
3,41,view,2026-03-27T23:10:01.189977
59,2,view,2026-03-09T04:37:01.189977
48,19,purchase,2026-03-17T05:04:01.189977
25,4,add_to_cart,2026-04-29T06:31:01.189977
41,48,view,2026-04-06T02:39:01.189977
5,18,view,2026-05-12T15:59:01.189977
2,36,view,2026-04-03T20:00:01.189977
94,17,view,2026-04-05T14:59:01.189977
51,24,view,2026-04-14T16:08:01.189977
22,42,view,2026-03-29T04:34:01.189977
16,33,view,2026-05-26T02:22:01.189977
5,25,click,2026-05-24T03:12:01.189977
37,6,add_to_cart,2026-03-09T17:41:01.189977
59,36,add_to_cart,2026-03-16T02:38:01.189977
62,23,add_to_cart,2026-04-20T22:58:01.189977
72,6,click,2026-05-03T21:16:01.189977
75,22,view,2026-04-09T12:51:01.189977
59,10,view,2026-04-22T14:12:01.189977
36,22,view,2026-05-22T12:41:01.189977
75,49,view,2026-03-05T19:00:01.189977
32,32,click,2026-05-06T17:32:01.189977
93,17,view,2026-05-17T20:21:01.189977
34,49,view,2026-04-27T14:08:01.189977
4,33,view,2026-04-11T11:03:01.189977
16,36,view,2026-05-15T10:51:01.189977
73,12,view,2026-05-08T19:05:01.189977
97,4,view,2026-04-29T17:32:01.189977
36,50,click,2026-05-07T00:42:01.189977
1,41,view,2026-05-09T01:34:01.189977
18,5,purchase,2026-03-15T13:47:01.189977
67,9,click,2026-03-26T00:33:01.189977
85,23,click,2026-04-22T06:35:01.189977
21,37,click,2026-03-29T12:24:01.189977
54,22,click,2026-05-25T03:20:01.189977
36,8,view,2026-03-25T14:50:01.189977
14,4,view,2026-04-16T00:37:01.189977
71,1,view,2026-05-29T15:42:01.189977
57,49,view,2026-04-09T19:23:01.189977
48,48,view,2026-05-06T19:43:01.189977
31,25,click,2026-05-25T22:37:01.189977
57,17,purchase,2026-04-08T10:07:01.189977
91,18,view,2026-04-28T10:40:01.189977
51,37,add_to_cart,2026-04-10T19:40:01.189977
83,38,purchase,2026-04-13T15:34:01.189977
70,50,view,2026-05-19T17:40:01.189977
20,43,view,2026-05-21T18:55:01.189977
84,31,view,2026-05-07T09:02:01.189977
59,14,view,2026-05-13T02:07:01.189977
91,29,view,2026-05-08T22:17:01.189977
26,26,view,2026-04-01T03:22:01.189977
28,26,add_to_cart,2026-05-26T03:45:01.189977
52,5,add_to_cart,2026-04-26T08:57:01.189977
6,43,add_to_cart,2026-05-31T03:54:01.189977
39,32,view,2026-05-04T14:26:01.189977
74,18,add_to_cart,2026-05-24T18:25:01.189977
41,37,click,2026-05-19T22:57:01.189977
82,25,view,2026-03-31T09:14:01.189977
83,1,view,2026-05-22T12:10:01.189977
81,45,click,2026-03-22T19:04:01.189977
76,11,view,2026-05-29T18:35:01.189977
54,27,add_to_cart,2026-04-21T14:31:01.189977
30,1,add_to_cart,2026-04-30T12:23:01.189977
12,15,add_to_cart,2026-03-06T14:17:01.189977
52,20,view,2026-05-09T04:37:01.189977
48,25,view,2026-05-26T17:37:01.189977
62,31,view,2026-05-10T20:50:01.189977
35,21,add_to_cart,2026-03-07T03:03:01.189977
60,47,view,2026-05-06T02:44:01.189977
4,50,view,2026-03-24T17:10:01.189977
80,44,click,2026-05-12T19:49:01.189977
56,50,click,2026-05-09T09:02:01.189977
74,41,click,2026-04-30T05:16:01.189977
61,35,view,2026-05-16T03:49:01.189977
22,7,view,2026-05-04T01:35:01.189977
51,40,click,2026-05-06T12:56:01.189977
74,16,add_to_cart,2026-05-10T03:49:01.189977
94,34,view,2026-04-02T10:19:01.189977
8,39,add_to_cart,2026-04-10T08:24:01.189977
39,36,add_to_cart,2026-04-01T21:54:01.189977
49,23,click,2026-04-28T05:49:01.189977
86,40,purchase,2026-05-29T18:07:01.189977
61,10,click,2026-05-21T03:25:01.189977
98,31,view,2026-05-11T12:19:01.189977
6,46,click,2026-03-14T04:43:01.189977
1,48,view,2026-04-01T02:22:01.189977
95,43,click,2026-03-21T07:09:01.189977
67,26,add_to_cart,2026-03-18T13:02:01.189977
61,46,click,2026-05-18T15:46:01.189977
51,30,click,2026-05-14T02:43:01.189977
66,30,view,2026-03-11T16:29:01.189977
64,5,view,2026-03-15T07:07:01.189977
23,8,add_to_cart,2026-05-17T11:15:01.189977
21,37,view,2026-04-10T12:34:01.189977
35,45,click,2026-03-26T21:49:01.189977
2,37,purchase,2026-05-23T22:17:01.189977
91,32,view,2026-03-08T17:17:01.189977
100,8,view,2026-04-26T02:11:01.189977
40,18,view,2026-04-26T17:09:01.189977
29,44,add_to_cart,2026-03-27T22:43:01.189977
94,14,click,2026-03-29T22:01:01.189977
58,44,view,2026-05-11T19:07:01.189977
78,43,view,2026-04-01T15:24:01.189977
57,12,click,2026-04-04T12:32:01.189977
67,42,click,2026-05-26T06:48:01.189977
52,34,click,2026-04-08T16:22:01.189977
70,3,view,2026-05-15T03:07:01.189977
60,45,view,2026-05-21T21:21:01.189977
27,3,click,2026-03-31T21:00:01.189977
69,47,purchase,2026-05-18T06:30:01.189977
37,19,view,2026-04-12T01:18:01.189977
67,14,view,2026-05-21T05:07:01.189977
7,33,view,2026-04-24T19:40:01.189977
76,15,view,2026-03-30T05:42:01.189977
25,34,view,2026-04-05T19:09:01.189977
94,36,add_to_cart,2026-03-07T11:16:01.189977
38,14,view,2026-05-25T00:42:01.189977
59,45,view,2026-03-23T21:23:01.189977
23,47,view,2026-03-27T01:23:01.189977
6,29,view,2026-04-20T01:32:01.189977
71,33,view,2026-04-12T18:31:01.189977
82,48,add_to_cart,2026-04-01T00:13:01.189977
87,33,view,2026-05-28T00:44:01.189977
25,13,view,2026-03-14T07:59:01.189977
28,4,add_to_cart,2026-03-03T07:54:01.189977
4,44,click,2026-05-30T03:56:01.189977
29,40,view,2026-04-19T19:12:01.189977
98,22,view,2026-05-23T01:21:01.189977
75,28,view,2026-05-01T16:37:01.189977
76,13,view,2026-05-07T18:34:01.189977
60,27,view,2026-05-20T08:20:01.189977
70,33,view,2026-05-04T04:51:01.189977
46,28,purchase,2026-03-23T08:01:01.189977
61,44,add_to_cart,2026-03-14T06:49:01.189977
15,18,view,2026-04-05T00:31:01.189977
34,12,purchase,2026-04-08T05:53:01.189977
77,8,add_to_cart,2026-04-16T05:20:01.189977
64,15,view,2026-03-12T21:35:01.189977
15,25,click,2026-04-08T11:46:01.189977
19,32,view,2026-04-13T07:23:01.189977
59,39,view,2026-04-17T09:25:01.189977
20,30,view,2026-05-27T04:10:01.189977
45,49,view,2026-03-16T07:27:01.189977
23,39,view,2026-03-20T18:23:01.189977
97,17,add_to_cart,2026-05-17T14:03:01.189977
2,50,view,2026-05-13T08:47:01.189977
63,15,add_to_cart,2026-05-15T22:48:01.189977
11,14,view,2026-04-25T08:07:01.189977
50,11,view,2026-04-20T03:26:01.189977
72,14,add_to_cart,2026-04-25T20:07:01.189977
73,22,purchase,2026-05-30T18:43:01.189977
74,31,view,2026-04-14T13:07:01.189977
81,17,click,2026-03-27T09:43:01.189977
62,38,view,2026-05-07T07:53:01.189977
72,31,view,2026-04-25T06:56:01.189977
30,21,click,2026-04-05T09:47:01.189977
50,30,view,2026-03-19T03:24:01.189977
42,36,view,2026-03-08T16:10:01.189977
12,24,add_to_cart,2026-04-04T20:40:01.189977
81,33,purchase,2026-05-10T04:49:01.189977
52,5,add_to_cart,2026-03-11T14:03:01.189977
36,42,view,2026-05-24T19:28:01.189977
25,45,purchase,2026-03-02T22:43:01.189977
75,34,view,2026-04-17T03:27:01.189977
1,4,view,2026-04-07T13:01:01.189977
62,18,add_to_cart,2026-03-11T19:24:01.189977
89,10,click,2026-03-20T08:10:01.189977
18,16,click,2026-04-13T02:24:01.189977
40,1,view,2026-03-24T20:39:01.189977
96,31,add_to_cart,2026-03-19T05:10:01.189977
45,21,add_to_cart,2026-05-19T03:52:01.189977
24,34,click,2026-05-23T09:51:01.189977
79,20,view,2026-04-12T21:20:01.189977
15,49,view,2026-05-22T11:29:01.189977
4,15,view,2026-05-14T00:33:01.189977
33,25,view,2026-03-08T18:15:01.189977
47,49,click,2026-05-15T23:48:01.189977
48,48,purchase,2026-05-11T06:49:01.189977
74,1,add_to_cart,2026-04-06T08:32:01.189977
99,12,view,2026-03-14T07:08:01.189977
49,39,view,2026-05-30T18:33:01.189977
76,32,purchase,2026-03-12T15:00:01.189977
43,33,click,2026-03-05T12:14:01.189977
16,37,view,2026-05-25T21:47:01.189977
90,18,view,2026-05-21T02:54:01.189977
9,33,click,2026-05-11T01:15:01.189977
88,33,view,2026-05-13T07:39:01.189977
96,1,view,2026-03-29T23:14:01.189977
24,32,view,2026-05-21T00:26:01.189977
85,42,click,2026-03-14T02:33:01.189977
92,37,view,2026-05-19T08:32:01.189977
31,9,add_to_cart,2026-04-27T01:58:01.189977
10,1,view,2026-05-20T14:34:01.189977
30,28,view,2026-05-20T05:40:01.189977
98,16,view,2026-05-06T21:41:01.189977
5,26,click,2026-04-06T22:19:01.189977
64,13,view,2026-04-01T23:22:01.189977
74,21,view,2026-04-02T07:18:01.189977
14,7,view,2026-05-10T03:04:01.189977
25,20,view,2026-05-18T04:32:01.189977
33,8,click,2026-05-04T03:04:01.189977
1,23,view,2026-04-24T09:50:01.189977
48,8,view,2026-04-20T09:09:01.189977
22,39,click,2026-04-19T16:39:01.189977
20,35,view,2026-04-05T19:07:01.189977
99,8,click,2026-05-17T19:40:01.189977
70,27,click,2026-03-05T01:22:01.189977
59,44,view,2026-05-25T23:44:01.189977
47,6,view,2026-05-02T12:04:01.189977
16,27,purchase,2026-03-03T01:51:01.189977
35,42,view,2026-03-03T01:24:01.189977
94,40,view,2026-03-29T16:30:01.189977
35,17,add_to_cart,2026-03-30T23:43:01.189977
89,29,purchase,2026-05-29T00:04:01.189977
84,45,view,2026-04-09T22:00:01.189977
40,49,click,2026-05-05T18:03:01.189977
88,36,view,2026-05-21T21:04:01.189977
78,50,view,2026-04-12T22:48:01.189977
11,24,view,2026-05-29T01:47:01.189977
9,37,view,2026-05-23T04:35:01.189977
55,37,view,2026-04-19T18:32:01.189977
38,32,add_to_cart,2026-05-04T06:50:01.189977
88,14,add_to_cart,2026-04-21T19:19:01.189977
45,38,click,2026-04-08T11:14:01.189977
80,15,view,2026-05-22T09:23:01.189977
23,45,click,2026-04-26T21:13:01.189977
9,39,add_to_cart,2026-03-08T12:51:01.189977
37,15,view,2026-05-09T12:14:01.189977
83,34,view,2026-03-27T15:44:01.189977
6,5,view,2026-03-12T12:50:01.189977
22,2,view,2026-04-09T10:54:01.189977
47,7,click,2026-05-03T16:34:01.189977
26,27,view,2026-03-25T12:47:01.189977
43,3,view,2026-04-07T00:51:01.189977
13,42,purchase,2026-05-27T21:18:01.189977
47,23,add_to_cart,2026-04-22T01:20:01.189977
85,24,add_to_cart,2026-03-21T11:14:01.189977
34,25,click,2026-05-19T02:06:01.189977
9,21,add_to_cart,2026-04-26T18:17:01.189977
74,35,view,2026-04-08T06:19:01.189977
23,32,click,2026-03-23T22:03:01.189977
36,16,view,2026-03-30T13:38:01.189977
91,28,add_to_cart,2026-04-20T11:28:01.189977
39,42,view,2026-04-26T01:09:01.189977
90,9,view,2026-03-05T17:15:01.189977
18,8,click,2026-05-23T04:42:01.189977
14,3,add_to_cart,2026-04-28T21:04:01.189977
79,23,view,2026-03-26T15:18:01.189977
54,33,view,2026-05-18T03:18:01.189977
63,33,add_to_cart,2026-04-06T00:29:01.189977
10,27,add_to_cart,2026-03-10T08:11:01.189977
25,18,view,2026-04-12T21:59:01.189977
71,7,view,2026-04-09T20:51:01.189977
8,31,view,2026-03-25T01:08:01.189977
21,39,purchase,2026-03-28T18:15:01.189977
74,8,click,2026-03-24T06:19:01.189977
77,45,click,2026-03-13T15:51:01.189977
24,38,view,2026-03-03T01:34:01.189977
86,4,view,2026-03-26T16:59:01.189977
89,25,view,2026-04-09T16:11:01.189977
39,25,view,2026-05-18T22:48:01.189977
6,8,click,2026-04-10T03:04:01.189977
72,27,view,2026-04-29T19:08:01.189977
91,4,view,2026-03-30T03:08:01.189977
35,41,view,2026-04-22T06:17:01.189977
80,15,add_to_cart,2026-04-11T01:23:01.189977
21,10,click,2026-03-28T03:30:01.189977
47,43,view,2026-05-18T06:52:01.189977
47,14,add_to_cart,2026-03-11T09:21:01.189977
83,34,view,2026-03-22T09:53:01.189977
85,6,view,2026-04-30T11:24:01.189977
52,4,view,2026-03-27T19:29:01.189977
14,19,click,2026-04-21T06:18:01.189977
53,44,view,2026-04-13T23:00:01.189977
26,20,add_to_cart,2026-03-08T15:32:01.189977
21,48,click,2026-04-02T22:21:01.189977
68,37,click,2026-04-05T02:57:01.189977
45,35,view,2026-03-27T12:40:01.189977
75,26,view,2026-05-06T19:30:01.189977
64,44,click,2026-04-09T00:34:01.189977
75,20,add_to_cart,2026-05-12T23:53:01.189977
68,33,click,2026-03-16T03:42:01.189977
10,38,add_to_cart,2026-04-20T08:58:01.189977
24,43,view,2026-04-15T08:59:01.189977
70,29,view,2026-03-27T04:42:01.189977
18,19,click,2026-04-30T07:39:01.189977
100,1,purchase,2026-05-20T08:48:01.189977
30,13,click,2026-04-13T21:30:01.189977
8,17,click,2026-04-29T10:28:01.189977
38,50,view,2026-05-13T15:06:01.189977
51,25,view,2026-04-29T10:56:01.189977
42,35,view,2026-05-05T12:18:01.189977
26,20,click,2026-05-22T22:01:01.189977
42,35,view,2026-04-11T06:48:01.189977
83,46,add_to_cart,2026-04-03T08:38:01.189977
35,46,view,2026-03-18T13:48:01.189977
86,21,view,2026-04-14T15:51:01.189977
99,49,view,2026-03-27T02:51:01.189977
63,41,view,2026-03-27T20:37:01.189977
76,11,click,2026-04-08T21:35:01.189977
54,18,purchase,2026-04-11T19:14:01.189977
40,27,view,2026-03-03T04:44:01.189977
87,24,view,2026-04-17T01:29:01.189977
12,49,view,2026-03-09T20:46:01.189977
14,22,view,2026-05-06T03:27:01.189977
66,5,view,2026-04-28T03:34:01.189977
89,8,view,2026-04-09T13:05:01.189977
25,49,view,2026-03-18T16:18:01.189977
85,15,view,2026-03-05T09:43:01.189977
18,28,view,2026-05-06T03:47:01.189977
95,19,view,2026-03-12T11:53:01.189977
10,33,view,2026-04-15T08:47:01.189977
34,35,view,2026-03-28T19:30:01.189977
89,32,view,2026-03-11T20:55:01.189977
18,21,view,2026-03-18T01:50:01.189977
55,17,click,2026-05-05T13:33:01.189977
55,43,click,2026-05-01T04:14:01.189977
30,18,view,2026-05-14T06:58:01.189977
10,29,click,2026-05-12T09:08:01.189977
90,42,view,2026-05-29T11:51:01.189977
1,6,view,2026-05-23T15:30:01.189977
1,12,view,2026-05-09T15:52:01.189977
31,22,click,2026-05-14T23:42:01.189977
25,19,view,2026-04-13T07:10:01.189977
27,35,add_to_cart,2026-04-09T21:41:01.189977
44,19,click,2026-03-07T00:27:01.189977
1,16,click,2026-05-03T21:56:01.189977
44,45,view,2026-04-21T23:37:01.189977
30,3,view,2026-04-23T14:52:01.189977
32,20,view,2026-04-20T05:45:01.189977
77,18,purchase,2026-04-10T22:20:01.189977
85,36,view,2026-03-18T04:28:01.189977
21,42,click,2026-04-13T13:37:01.189977
36,26,click,2026-04-14T05:46:01.189977
53,6,view,2026-04-02T03:13:01.189977
26,1,view,2026-04-05T07:49:01.189977
74,39,view,2026-03-13T15:58:01.189977
95,25,view,2026-05-14T03:32:01.189977
80,1,view,2026-04-11T07:02:01.189977
2,27,view,2026-04-27T23:10:01.189977
25,50,add_to_cart,2026-05-06T03:34:01.189977
37,23,add_to_cart,2026-05-13T14:14:01.189977
39,49,click,2026-03-25T20:25:01.189977
56,29,click,2026-03-21T11:45:01.189977
95,35,view,2026-04-28T20:42:01.189977
8,26,view,2026-04-10T12:27:01.189977
6,21,view,2026-05-29T04:21:01.189977
94,1,view,2026-05-15T16:49:01.189977
47,13,view,2026-05-06T20:45:01.189977
64,39,view,2026-04-28T02:35:01.189977
20,30,view,2026-04-14T09:12:01.189977
54,30,add_to_cart,2026-05-25T02:03:01.189977
21,9,purchase,2026-03-14T13:26:01.189977
97,48,view,2026-05-29T13:50:01.189977
38,35,add_to_cart,2026-04-03T17:15:01.189977
49,30,view,2026-04-26T13:27:01.189977
23,10,click,2026-03-27T13:18:01.189977
64,44,view,2026-03-05T03:07:01.189977
67,16,view,2026-05-22T09:17:01.189977
86,26,add_to_cart,2026-05-23T09:12:01.189977
49,7,view,2026-03-31T04:02:01.189977
56,3,view,2026-03-13T04:43:01.189977
1,12,click,2026-03-12T07:42:01.189977
6,10,view,2026-04-07T10:56:01.189977
4,38,view,2026-04-04T01:44:01.189977
56,11,view,2026-04-15T16:31:01.189977
52,14,view,2026-04-03T06:12:01.189977
41,5,click,2026-04-30T02:56:01.189977
96,16,view,2026-04-04T19:55:01.189977
46,42,add_to_cart,2026-04-10T08:49:01.189977
93,11,click,2026-03-16T17:55:01.189977
70,42,add_to_cart,2026-05-11T11:59:01.189977
51,35,click,2026-05-12T20:58:01.189977
16,44,add_to_cart,2026-05-19T09:51:01.189977
15,14,purchase,2026-03-19T00:18:01.189977
70,16,view,2026-04-26T08:45:01.189977
29,33,add_to_cart,2026-05-19T15:40:01.189977
60,41,view,2026-05-14T16:04:01.189977
32,10,view,2026-03-21T23:00:01.189977
11,2,view,2026-05-23T19:07:01.189977
53,9,click,2026-05-31T10:35:01.189977
73,32,view,2026-05-05T08:53:01.189977
81,7,click,2026-05-25T05:26:01.189977
42,36,view,2026-05-21T02:27:01.189977
70,20,view,2026-04-01T05:36:01.189977
16,44,view,2026-05-27T21:08:01.189977
3,38,view,2026-05-30T05:39:01.189977
12,45,view,2026-03-27T12:06:01.189977
42,23,view,2026-05-25T00:45:01.189977
8,14,view,2026-03-21T13:20:01.189977
1,38,view,2026-03-13T13:39:01.189977
50,22,view,2026-03-28T21:46:01.189977
10,3,view,2026-03-26T00:13:01.189977
31,8,view,2026-03-09T05:33:01.189977
89,39,view,2026-05-05T20:30:01.189977
61,46,click,2026-03-16T00:01:01.189977
39,22,view,2026-03-22T17:59:01.189977
24,28,view,2026-04-28T03:23:01.189977
94,9,view,2026-04-27T22:08:01.189977
2,15,click,2026-03-18T08:40:01.189977
85,18,add_to_cart,2026-05-08T07:02:01.189977
27,1,purchase,2026-04-09T17:54:01.189977
78,36,view,2026-04-18T10:36:01.189977
84,30,add_to_cart,2026-03-26T04:38:01.189977
39,22,add_to_cart,2026-05-21T05:57:01.189977
49,9,view,2026-03-30T22:51:01.189977
94,17,view,2026-04-23T23:35:01.189977
13,27,view,2026-05-17T00:32:01.189977
42,24,view,2026-04-19T19:58:01.189977
41,34,view,2026-03-27T06:18:01.189977
6,49,click,2026-05-17T18:16:01.189977
85,3,view,2026-05-20T23:04:01.189977
44,33,view,2026-04-22T15:03:01.189977
57,31,view,2026-04-14T16:05:01.189977
3,1,view,2026-03-19T10:55:01.189977
64,6,add_to_cart,2026-05-21T00:52:01.189977
80,42,click,2026-04-11T04:50:01.189977
75,12,click,2026-04-17T21:33:01.189977
13,35,click,2026-05-13T23:34:01.189977
13,10,add_to_cart,2026-05-21T08:48:01.189977
73,33,view,2026-05-05T10:35:01.189977
25,20,view,2026-03-06T08:00:01.189977
5,33,add_to_cart,2026-03-16T08:56:01.189977
84,12,view,2026-05-15T01:14:01.189977
70,3,click,2026-04-14T06:22:01.189977
67,17,click,2026-03-22T17:18:01.189977
45,39,view,2026-04-01T01:07:01.189977
17,4,view,2026-03-20T11:56:01.189977
28,39,click,2026-03-15T22:07:01.189977
100,9,view,2026-04-23T09:05:01.189977
84,46,view,2026-04-19T00:10:01.189977
82,19,view,2026-05-09T22:24:01.189977
49,4,view,2026-05-09T08:31:01.189977
24,7,view,2026-04-26T11:59:01.189977
12,35,view,2026-05-17T17:30:01.189977
41,30,view,2026-05-10T01:26:01.189977
37,26,view,2026-04-08T03:45:01.189977
61,27,view,2026-03-11T00:29:01.189977
20,26,click,2026-03-07T09:21:01.189977
55,28,purchase,2026-04-22T05:00:01.189977
23,19,click,2026-04-05T05:59:01.189977
87,43,view,2026-04-19T19:33:01.189977
22,33,add_to_cart,2026-05-05T16:00:01.189977
70,40,click,2026-04-15T06:51:01.189977
33,30,view,2026-05-03T19:28:01.189977
5,1,purchase,2026-05-23T07:17:01.189977
48,11,add_to_cart,2026-04-13T21:20:01.189977
84,7,view,2026-05-30T11:06:01.189977
26,23,view,2026-05-10T01:12:01.189977
15,37,purchase,2026-03-17T17:38:01.189977
29,3,click,2026-04-27T22:25:01.189977
46,40,view,2026-05-19T07:34:01.189977
33,25,view,2026-03-27T17:18:01.189977
64,13,add_to_cart,2026-04-04T10:01:01.189977
69,49,view,2026-05-04T11:13:01.189977
54,11,view,2026-05-15T07:26:01.189977
76,38,view,2026-04-03T05:17:01.189977
17,2,view,2026-05-27T03:04:01.189977
36,24,view,2026-03-03T13:45:01.189977
73,50,click,2026-03-09T16:23:01.189977
16,50,view,2026-05-04T17:20:01.189977
9,33,add_to_cart,2026-03-06T04:44:01.189977
65,49,view,2026-04-11T00:59:01.189977
4,44,view,2026-05-22T09:05:01.189977
6,31,add_to_cart,2026-03-03T19:47:01.189977
92,26,view,2026-04-29T09:44:01.189977
94,17,view,2026-05-24T03:54:01.189977
17,14,click,2026-04-29T07:49:01.189977
100,22,add_to_cart,2026-03-29T18:53:01.189977
54,41,add_to_cart,2026-05-30T19:00:01.189977
19,46,add_to_cart,2026-03-14T06:37:01.189977
66,22,view,2026-03-13T23:00:01.189977
15,16,add_to_cart,2026-03-31T06:21:01.189977
87,6,click,2026-05-06T23:13:01.189977
35,21,view,2026-03-09T05:08:01.189977
28,20,view,2026-05-29T21:22:01.189977
39,50,add_to_cart,2026-04-15T04:26:01.189977
47,28,view,2026-05-19T12:33:01.189977
55,24,view,2026-03-09T18:03:01.189977
49,2,view,2026-05-31T08:26:01.189977
83,27,view,2026-04-22T16:04:01.189977
63,45,add_to_cart,2026-04-03T04:44:01.189977
6,45,view,2026-04-02T20:04:01.189977
81,4,view,2026-03-17T16:18:01.189977
29,10,view,2026-05-09T20:24:01.189977
66,42,view,2026-05-06T00:26:01.189977
15,46,view,2026-04-01T09:55:01.189977
17,31,view,2026-03-11T01:52:01.189977
53,42,view,2026-04-23T00:50:01.189977
7,23,view,2026-04-02T16:07:01.189977
43,37,view,2026-03-25T09:35:01.189977
75,19,view,2026-04-20T21:11:01.189977
96,16,purchase,2026-03-18T03:45:01.189977
18,10,view,2026-04-23T23:19:01.189977
82,42,view,2026-03-15T14:52:01.189977
42,5,view,2026-04-26T18:44:01.189977
64,36,add_to_cart,2026-03-29T13:20:01.189977
28,14,view,2026-03-15T13:24:01.189977
21,23,view,2026-04-07T15:12:01.189977
12,24,click,2026-05-28T09:40:01.189977
48,50,view,2026-03-05T16:55:01.189977
76,29,view,2026-03-23T13:13:01.189977
89,11,view,2026-03-03T06:20:01.189977
30,23,click,2026-04-03T15:52:01.189977
52,15,view,2026-05-08T21:22:01.189977
83,32,add_to_cart,2026-04-13T06:23:01.189977
88,29,purchase,2026-04-15T10:09:01.189977
53,11,click,2026-05-28T01:24:01.189977
27,14,add_to_cart,2026-04-08T15:16:01.189977
21,32,click,2026-05-13T06:49:01.189977
59,37,add_to_cart,2026-04-26T15:09:01.189977
95,23,view,2026-04-08T05:11:01.189977
12,30,click,2026-05-30T19:04:01.189977
72,34,add_to_cart,2026-04-22T05:16:01.189977
48,38,view,2026-04-22T19:26:01.189977
42,19,view,2026-05-16T23:13:01.189977
25,16,view,2026-05-25T06:20:01.189977
10,44,add_to_cart,2026-05-03T02:43:01.189977
27,31,view,2026-03-23T23:40:01.189977
70,45,view,2026-04-21T21:53:01.189977
93,30,view,2026-04-13T23:51:01.189977
13,24,add_to_cart,2026-04-18T04:48:01.189977
5,44,view,2026-04-13T02:53:01.189977
95,9,add_to_cart,2026-03-14T05:23:01.189977
50,25,view,2026-04-01T18:38:01.189977
43,2,purchase,2026-05-08T05:47:01.189977
94,27,view,2026-03-07T03:01:01.189977
71,45,click,2026-05-17T16:08:01.189977
30,35,purchase,2026-04-05T16:18:01.189977
4,48,view,2026-03-30T23:12:01.189977
77,16,add_to_cart,2026-05-03T13:46:01.189977
14,23,view,2026-04-21T13:34:01.189977
65,17,view,2026-05-10T00:35:01.189977
57,35,add_to_cart,2026-04-26T15:31:01.189977
47,45,view,2026-04-09T01:20:01.189977
41,6,view,2026-03-04T09:07:01.189977
38,8,view,2026-03-16T23:31:01.189977
98,31,view,2026-05-07T19:32:01.189977
40,47,add_to_cart,2026-04-29T10:58:01.189977
52,30,view,2026-05-31T11:35:01.189977
75,40,view,2026-03-22T01:42:01.189977
71,36,click,2026-05-19T23:44:01.189977
76,41,view,2026-05-07T13:27:01.189977
15,43,view,2026-03-21T00:33:01.189977
100,13,click,2026-03-16T19:09:01.189977
37,38,view,2026-05-17T21:27:01.189977
22,9,purchase,2026-03-24T22:44:01.189977
87,22,view,2026-04-07T09:05:01.189977
35,45,view,2026-05-31T09:23:01.189977
56,18,view,2026-03-20T15:42:01.189977
39,26,click,2026-04-19T05:14:01.189977
16,49,click,2026-04-06T22:00:01.189977
49,47,purchase,2026-05-06T21:03:01.189977
89,36,click,2026-03-22T15:44:01.189977
22,6,view,2026-05-23T20:16:01.189977
45,4,purchase,2026-04-17T23:23:01.189977
98,40,view,2026-04-12T11:36:01.189977
92,34,click,2026-05-21T05:45:01.189977
27,46,view,2026-05-01T04:17:01.189977
9,39,view,2026-04-18T23:02:01.189977
17,7,click,2026-05-22T03:40:01.189977
75,29,view,2026-03-03T11:29:01.189977
27,41,purchase,2026-04-19T12:50:01.189977
46,3,add_to_cart,2026-04-06T00:33:01.189977
84,12,click,2026-04-03T23:29:01.189977
38,44,view,2026-04-24T22:46:01.189977
16,49,view,2026-03-24T04:26:01.189977
82,40,add_to_cart,2026-05-13T19:36:01.189977
77,41,view,2026-05-21T01:34:01.189977
63,48,purchase,2026-03-21T11:27:01.189977
78,26,view,2026-05-30T19:58:01.189977
26,47,view,2026-03-21T11:55:01.189977
82,34,view,2026-03-04T23:32:01.189977
71,25,view,2026-05-02T11:27:01.189977
15,33,view,2026-05-15T22:15:01.189977
99,45,click,2026-05-02T20:23:01.189977
41,18,view,2026-05-10T17:36:01.189977
74,3,purchase,2026-03-31T20:59:01.189977
45,42,view,2026-03-07T05:16:01.189977
85,39,view,2026-05-23T16:46:01.189977
87,7,add_to_cart,2026-03-15T06:01:01.189977
12,17,add_to_cart,2026-03-11T20:09:01.189977
54,30,click,2026-05-30T05:22:01.189977
14,32,click,2026-03-12T22:20:01.189977
31,27,view,2026-03-28T18:37:01.189977
27,5,view,2026-03-24T19:59:01.189977
3,36,view,2026-03-20T21:27:01.189977
60,48,click,2026-04-19T12:53:01.189977
39,4,view,2026-04-11T02:21:01.189977
58,39,view,2026-05-25T09:04:01.189977
31,44,click,2026-04-19T13:30:01.189977
85,10,purchase,2026-05-18T18:42:01.189977
9,19,click,2026-05-10T03:23:01.189977
81,2,click,2026-04-11T17:33:01.189977
99,5,add_to_cart,2026-05-04T10:29:01.189977
64,45,click,2026-04-18T10:29:01.189977
70,28,add_to_cart,2026-04-25T17:37:01.189977
47,13,view,2026-03-30T03:02:01.189977
3,29,view,2026-04-01T13:55:01.189977
67,40,view,2026-05-03T13:49:01.189977
4,31,add_to_cart,2026-04-22T18:21:01.189977
92,19,view,2026-05-25T15:11:01.189977
97,19,view,2026-05-25T17:46:01.189977
89,37,view,2026-04-30T20:57:01.189977
41,46,view,2026-04-30T16:16:01.189977
19,28,view,2026-04-09T22:37:01.189977
80,30,view,2026-03-25T04:43:01.189977
2,16,add_to_cart,2026-05-30T03:13:01.189977
67,16,click,2026-04-01T19:53:01.189977
4,6,add_to_cart,2026-03-12T08:05:01.189977
37,9,purchase,2026-05-21T06:18:01.189977
58,2,view,2026-05-30T10:33:01.189977
72,19,add_to_cart,2026-03-30T12:28:01.189977
93,42,view,2026-03-18T20:32:01.189977
56,44,view,2026-05-14T17:04:01.189977
86,41,add_to_cart,2026-03-19T10:01:01.189977
58,25,click,2026-05-22T14:16:01.189977
66,34,view,2026-03-05T22:17:01.189977
89,11,view,2026-05-25T23:08:01.189977
77,1,click,2026-04-07T07:54:01.189977
42,37,view,2026-03-10T09:05:01.189977
6,44,view,2026-05-22T19:33:01.189977
98,2,click,2026-04-26T05:27:01.189977
100,5,view,2026-05-10T12:07:01.189977
76,17,add_to_cart,2026-03-07T18:56:01.189977
66,21,click,2026-03-19T13:27:01.189977
54,3,view,2026-04-04T10:46:01.189977
60,29,view,2026-05-02T08:38:01.189977
99,28,add_to_cart,2026-04-03T18:51:01.189977
95,39,click,2026-05-12T12:43:01.189977
32,45,view,2026-03-17T09:10:01.189977
79,36,view,2026-04-04T15:11:01.189977
67,16,add_to_cart,2026-03-31T14:03:01.189977
37,35,view,2026-04-13T12:27:01.189977
6,33,view,2026-04-12T01:10:01.189977
99,2,view,2026-03-30T03:46:01.189977
27,48,view,2026-04-02T11:53:01.189977
12,42,view,2026-03-05T09:02:01.189977
71,47,add_to_cart,2026-05-03T03:23:01.189977
77,5,add_to_cart,2026-03-17T15:49:01.189977
18,21,view,2026-04-15T01:18:01.189977
29,50,add_to_cart,2026-04-11T17:07:01.189977
34,50,add_to_cart,2026-04-27T09:24:01.189977
17,31,view,2026-03-16T18:40:01.189977
86,24,view,2026-05-04T22:12:01.189977
95,1,view,2026-03-18T17:28:01.189977
59,40,add_to_cart,2026-04-28T02:35:01.189977
84,25,click,2026-03-14T19:50:01.189977
79,16,view,2026-04-09T19:26:01.189977
39,38,view,2026-04-19T09:18:01.189977
57,26,click,2026-04-26T17:25:01.189977
74,9,purchase,2026-04-16T22:22:01.189977
92,46,purchase,2026-04-25T16:41:01.189977
8,14,view,2026-04-28T19:27:01.189977
78,28,view,2026-05-16T05:40:01.189977
22,44,add_to_cart,2026-03-09T20:08:01.189977
89,8,view,2026-05-07T03:10:01.189977
65,1,view,2026-04-18T19:42:01.189977
88,27,view,2026-04-15T03:23:01.189977
40,16,click,2026-05-20T22:32:01.189977
73,2,add_to_cart,2026-04-22T00:17:01.189977
48,48,click,2026-04-30T14:08:01.189977
94,15,view,2026-03-19T17:23:01.189977
7,11,view,2026-04-03T09:55:01.189977
82,20,view,2026-04-19T20:26:01.189977
47,22,click,2026-03-11T21:44:01.189977
8,19,click,2026-04-19T08:44:01.189977
92,6,click,2026-04-13T06:20:01.189977
65,21,view,2026-03-29T07:20:01.189977
55,33,click,2026-03-14T10:45:01.189977
30,50,click,2026-05-09T12:20:01.189977
71,45,view,2026-05-28T14:45:01.189977
80,48,add_to_cart,2026-03-28T11:37:01.189977
40,11,click,2026-04-12T06:19:01.189977
87,8,view,2026-05-04T07:43:01.189977
98,36,click,2026-05-03T21:47:01.189977
72,9,view,2026-05-23T09:52:01.189977
97,30,view,2026-05-31T08:38:01.189977
60,4,click,2026-04-21T11:22:01.189977
5,9,view,2026-03-08T19:45:01.189977
93,50,view,2026-04-30T04:13:01.189977
57,35,view,2026-05-17T07:28:01.189977
68,6,view,2026-05-18T08:45:01.189977
87,49,add_to_cart,2026-03-31T11:27:01.189977
47,44,click,2026-03-08T01:46:01.189977
58,8,click,2026-04-30T16:06:01.189977
26,1,view,2026-04-12T17:24:01.189977
59,39,view,2026-05-08T04:57:01.189977
64,27,view,2026-03-07T10:00:01.189977
11,37,click,2026-04-13T19:13:01.189977
16,42,view,2026-05-14T19:14:01.189977
97,25,view,2026-03-12T21:31:01.189977
65,22,click,2026-03-16T11:58:01.189977
3,15,click,2026-03-31T01:57:01.189977
85,15,view,2026-05-01T16:33:01.189977
98,39,view,2026-05-15T21:28:01.189977
80,36,view,2026-05-18T09:40:01.189977
48,44,view,2026-03-22T21:12:01.189977
61,50,view,2026-03-18T16:01:01.189977
82,31,add_to_cart,2026-03-16T10:34:01.189977
86,48,click,2026-03-23T23:41:01.189977
41,2,view,2026-03-30T04:27:01.189977
47,43,view,2026-04-13T21:44:01.189977
73,29,view,2026-04-08T03:26:01.189977
54,24,view,2026-04-18T05:00:01.189977
73,18,click,2026-04-12T07:49:01.189977
98,31,view,2026-04-08T19:14:01.189977
5,19,view,2026-05-25T04:22:01.189977
25,43,view,2026-05-30T10:24:01.189977
90,2,add_to_cart,2026-03-11T03:41:01.189977
49,40,view,2026-04-18T10:55:01.189977
86,43,view,2026-03-11T20:02:01.189977
28,41,view,2026-03-04T11:30:01.189977
26,34,view,2026-05-05T16:34:01.189977
9,43,add_to_cart,2026-04-19T19:37:01.189977
40,32,click,2026-03-23T14:44:01.189977
83,49,view,2026-04-13T01:30:01.189977
99,9,add_to_cart,2026-05-07T17:28:01.189977
74,35,view,2026-05-28T11:39:01.189977
43,32,purchase,2026-05-24T18:26:01.189977
79,20,view,2026-05-08T18:00:01.189977
98,46,view,2026-03-15T18:19:01.189977
27,38,view,2026-05-26T06:46:01.189977
10,48,add_to_cart,2026-04-05T20:59:01.189977
64,1,click,2026-03-07T06:01:01.189977
11,34,add_to_cart,2026-04-24T06:04:01.189977
4,17,add_to_cart,2026-05-28T23:29:01.189977
32,36,view,2026-04-04T00:59:01.189977
15,44,add_to_cart,2026-03-06T09:43:01.189977
5,6,view,2026-03-21T18:40:01.189977
82,16,purchase,2026-05-02T21:25:01.189977
32,41,click,2026-03-23T00:06:01.189977
42,3,add_to_cart,2026-05-07T18:13:01.189977
81,18,add_to_cart,2026-05-10T23:52:01.189977
53,50,click,2026-05-10T07:50:01.189977
100,41,view,2026-04-05T11:01:01.189977
41,2,view,2026-03-07T18:39:01.189977
20,36,view,2026-03-23T17:37:01.189977
23,41,view,2026-03-12T20:25:01.189977
3,41,click,2026-04-15T12:52:01.189977
95,22,purchase,2026-03-06T07:13:01.189977
21,42,click,2026-03-31T02:27:01.189977
33,50,view,2026-04-03T08:21:01.189977
52,18,click,2026-04-17T18:38:01.189977
76,29,view,2026-04-14T15:11:01.189977
71,26,click,2026-03-13T04:16:01.189977
20,2,view,2026-03-23T20:56:01.189977
10,37,view,2026-03-19T15:29:01.189977
44,15,purchase,2026-04-16T09:02:01.189977
25,15,click,2026-05-14T19:10:01.189977
88,34,view,2026-05-26T15:21:01.189977
74,1,view,2026-03-06T16:35:01.189977
75,44,view,2026-03-11T02:34:01.189977
68,32,add_to_cart,2026-03-13T19:36:01.189977
36,16,view,2026-05-09T06:16:01.189977
92,16,view,2026-03-16T21:02:01.189977
38,29,click,2026-03-04T05:55:01.189977
53,46,view,2026-04-26T02:46:01.189977
51,9,view,2026-05-28T08:30:01.189977
3,36,view,2026-04-18T07:56:01.189977
3,46,click,2026-05-08T20:45:01.189977
29,14,view,2026-03-27T17:12:01.189977
96,41,view,2026-04-17T23:31:01.189977
3,16,view,2026-03-21T07:33:01.189977
3,10,view,2026-05-19T07:35:01.189977
92,16,view,2026-03-30T11:01:01.189977
64,43,add_to_cart,2026-03-21T21:30:01.189977
46,22,click,2026-03-02T18:46:01.189977
76,14,view,2026-03-13T19:27:01.189977
37,19,add_to_cart,2026-04-07T03:14:01.189977
2,39,click,2026-04-09T13:35:01.189977
15,38,add_to_cart,2026-04-28T14:33:01.189977
31,28,view,2026-04-10T16:07:01.189977
25,48,add_to_cart,2026-04-18T23:27:01.189977
84,28,view,2026-03-09T05:41:01.189977
69,3,view,2026-05-21T12:23:01.189977
44,23,view,2026-05-14T22:46:01.189977
53,15,view,2026-04-06T13:59:01.189977
28,48,view,2026-03-19T08:44:01.189977
18,23,view,2026-03-02T23:05:01.189977
14,46,view,2026-04-01T20:19:01.189977
67,15,click,2026-04-23T06:22:01.189977
13,13,view,2026-05-27T03:49:01.189977
10,41,view,2026-04-10T11:17:01.189977
46,2,add_to_cart,2026-03-17T22:21:01.189977
80,28,view,2026-05-02T11:46:01.189977
30,6,click,2026-05-27T10:45:01.189977
30,6,view,2026-04-23T20:28:01.189977
76,7,view,2026-05-23T21:07:01.189977
26,50,view,2026-04-29T02:21:01.189977
86,47,view,2026-04-06T05:40:01.189977
31,41,view,2026-03-30T14:24:01.189977
75,16,view,2026-05-23T06:17:01.189977
94,19,view,2026-03-26T08:06:01.189977
63,11,view,2026-04-10T06:45:01.189977
84,42,view,2026-05-09T15:15:01.189977
41,44,view,2026-04-27T21:05:01.189977
18,5,view,2026-04-26T11:18:01.189977
36,23,click,2026-03-31T16:00:01.189977
89,4,add_to_cart,2026-05-26T17:26:01.189977
94,22,click,2026-03-13T11:53:01.189977
51,46,add_to_cart,2026-05-14T08:21:01.189977
77,44,view,2026-04-16T13:41:01.189977
27,9,view,2026-05-21T08:58:01.189977
4,39,view,2026-03-03T21:49:01.189977
32,7,view,2026-04-15T20:33:01.189977
51,35,view,2026-05-25T09:54:01.189977
84,41,view,2026-04-17T23:24:01.189977
62,29,purchase,2026-05-16T05:59:01.189977
94,27,view,2026-04-12T17:47:01.189977
13,18,view,2026-04-04T19:37:01.189977
9,19,click,2026-03-30T13:18:01.189977
15,37,view,2026-04-20T10:02:01.189977
71,34,view,2026-05-02T17:34:01.189977
14,5,click,2026-03-03T23:25:01.189977
16,41,view,2026-04-03T12:52:01.189977
30,4,view,2026-05-23T06:17:01.189977
80,15,view,2026-04-07T23:33:01.189977
2,36,view,2026-03-06T06:45:01.189977
38,13,view,2026-03-13T08:34:01.189977
17,24,view,2026-03-04T15:37:01.189977
22,17,view,2026-05-24T04:28:01.189977
2,10,view,2026-05-01T00:43:01.189977
52,48,add_to_cart,2026-03-15T07:24:01.189977
90,19,purchase,2026-05-03T17:57:01.189977
83,46,view,2026-04-16T04:27:01.189977
90,20,view,2026-05-10T19:08:01.189977
52,20,view,2026-05-18T17:53:01.189977
76,7,view,2026-03-20T23:24:01.189977
76,12,add_to_cart,2026-05-11T08:03:01.189977
28,20,view,2026-04-01T23:06:01.189977
14,26,view,2026-05-04T04:40:01.189977
81,8,add_to_cart,2026-05-05T03:29:01.189977
33,11,add_to_cart,2026-05-17T00:08:01.189977
17,3,click,2026-03-29T09:16:01.189977
98,29,add_to_cart,2026-05-12T15:46:01.189977
33,35,click,2026-03-07T02:58:01.189977
36,48,view,2026-03-11T20:43:01.189977
17,40,click,2026-05-22T05:53:01.189977
76,49,view,2026-03-05T04:08:01.189977
50,39,view,2026-05-10T16:22:01.189977
43,35,view,2026-05-04T16:30:01.189977
78,33,view,2026-05-05T21:48:01.189977
42,26,view,2026-05-11T17:00:01.189977
84,22,click,2026-04-24T02:23:01.189977
15,21,view,2026-04-23T07:57:01.189977
98,5,view,2026-05-21T23:09:01.189977
20,46,view,2026-05-02T02:16:01.189977
22,10,add_to_cart,2026-04-19T21:27:01.189977
32,39,click,2026-05-01T22:50:01.189977
30,9,view,2026-03-17T15:09:01.189977
70,46,add_to_cart,2026-05-31T07:57:01.189977
35,30,click,2026-03-02T15:29:01.189977
58,34,view,2026-04-25T23:08:01.189977
80,49,click,2026-05-17T04:09:01.189977
89,10,view,2026-05-07T22:06:01.189977
31,34,view,2026-05-11T08:16:01.189977
17,45,view,2026-04-28T13:26:01.189977
97,49,click,2026-04-02T17:16:01.189977
86,41,view,2026-05-29T00:17:01.189977
19,10,view,2026-03-18T22:35:01.189977
74,18,click,2026-05-09T07:59:01.189977
3,16,click,2026-04-19T18:55:01.189977
75,32,view,2026-04-07T14:13:01.189977
38,14,click,2026-04-08T15:10:01.189977
21,19,purchase,2026-05-13T10:53:01.189977
55,18,view,2026-05-15T00:34:01.189977
97,15,view,2026-05-16T05:59:01.189977
60,26,purchase,2026-03-16T13:49:01.189977
85,50,click,2026-04-25T08:43:01.189977
57,13,click,2026-04-19T12:00:01.189977
97,17,view,2026-05-09T00:02:01.189977
42,25,click,2026-03-19T08:03:01.189977
70,37,view,2026-03-22T22:22:01.189977
62,2,add_to_cart,2026-05-20T14:32:01.189977
37,27,click,2026-03-31T05:21:01.189977
15,41,click,2026-05-17T17:03:01.189977
36,10,view,2026-03-29T18:38:01.189977
36,5,purchase,2026-04-13T04:39:01.189977
89,29,click,2026-04-15T20:58:01.189977
79,7,view,2026-05-04T23:18:01.189977
35,6,view,2026-05-23T23:40:01.189977
91,36,view,2026-04-22T12:30:01.189977
90,45,view,2026-04-27T23:45:01.189977
54,25,view,2026-03-11T14:34:01.189977
17,28,view,2026-05-16T04:27:01.189977
61,23,click,2026-05-08T10:23:01.189977
62,13,view,2026-05-15T14:35:01.189977
74,5,add_to_cart,2026-05-11T22:03:01.189977
84,5,view,2026-03-07T18:41:01.189977
60,18,click,2026-05-26T16:38:01.189977
72,46,click,2026-03-17T14:26:01.189977
41,5,view,2026-03-08T11:32:01.189977
53,36,click,2026-05-03T02:39:01.189977
73,47,purchase,2026-04-12T04:27:01.189977
35,48,view,2026-04-14T20:33:01.189977
88,17,view,2026-04-20T05:49:01.189977
83,33,click,2026-05-28T23:49:01.189977
64,31,view,2026-05-17T13:00:01.189977
65,13,view,2026-04-26T23:16:01.189977
58,26,view,2026-03-24T07:55:01.189977
100,49,click,2026-05-04T05:50:01.189977
92,15,view,2026-04-17T20:45:01.189977
62,15,purchase,2026-04-21T11:18:01.189977
85,4,view,2026-05-06T00:12:01.189977
89,26,view,2026-05-14T18:56:01.189977
77,46,view,2026-03-22T03:17:01.189977
87,48,view,2026-05-30T08:24:01.189977
82,20,click,2026-04-17T18:57:01.189977
90,23,purchase,2026-05-26T11:59:01.189977
37,29,view,2026-05-19T20:49:01.189977
14,29,click,2026-05-05T09:16:01.189977
39,42,click,2026-03-28T15:17:01.189977
22,49,view,2026-05-25T17:32:01.189977
45,24,view,2026-04-11T07:18:01.189977
1,37,view,2026-03-15T02:48:01.189977
68,3,click,2026-05-30T03:26:01.189977
23,49,view,2026-05-07T10:22:01.189977
29,27,purchase,2026-04-12T12:53:01.189977
55,47,view,2026-03-22T16:01:01.189977
87,18,click,2026-03-09T08:42:01.189977
31,8,add_to_cart,2026-04-01T17:58:01.189977
54,45,click,2026-03-13T02:33:01.189977
56,6,view,2026-04-07T03:44:01.189977
57,14,view,2026-05-05T20:44:01.189977
99,21,view,2026-04-18T19:27:01.189977
44,12,view,2026-03-29T02:42:01.189977
22,13,view,2026-04-03T09:37:01.189977
18,37,view,2026-05-31T12:30:01.189977
60,17,view,2026-05-02T09:15:01.189977
76,9,add_to_cart,2026-05-22T17:45:01.189977
86,32,view,2026-04-19T01:08:01.189977
26,37,add_to_cart,2026-05-09T12:58:01.189977
29,3,view,2026-04-18T15:11:01.189977
86,4,view,2026-04-06T02:20:01.189977
62,11,view,2026-05-06T17:46:01.189977
1,45,view,2026-03-24T19:55:01.189977
51,24,view,2026-05-20T13:49:01.189977
22,47,view,2026-04-22T11:58:01.189977
24,30,view,2026-05-18T04:23:01.189977
46,22,view,2026-04-30T09:29:01.189977
8,14,view,2026-03-26T23:37:01.189977
44,3,add_to_cart,2026-05-08T13:12:01.189977
66,14,view,2026-04-23T14:46:01.189977
45,9,purchase,2026-05-18T07:06:01.189977
11,17,view,2026-04-08T07:00:01.189977
28,1,click,2026-03-07T10:08:01.189977
30,1,view,2026-03-02T16:09:01.189977
37,15,click,2026-04-13T22:37:01.189977
93,35,click,2026-03-17T07:58:01.189977
30,32,add_to_cart,2026-04-27T02:26:01.189977
50,29,view,2026-05-30T03:21:01.189977
55,12,add_to_cart,2026-03-17T00:45:01.189977
18,36,add_to_cart,2026-05-28T19:21:01.189977
54,12,view,2026-04-03T09:01:01.189977
100,1,click,2026-04-25T16:45:01.189977
10,31,view,2026-03-04T17:24:01.189977
79,15,view,2026-05-25T12:10:01.189977
8,11,add_to_cart,2026-04-03T16:25:01.189977
17,25,click,2026-04-05T10:16:01.189977
15,15,view,2026-03-10T15:33:01.189977
97,40,view,2026-05-27T03:01:01.189977
33,9,view,2026-05-01T10:34:01.189977
97,20,view,2026-03-17T13:14:01.189977
20,27,add_to_cart,2026-05-22T21:52:01.189977
29,20,click,2026-03-07T08:31:01.189977
12,45,add_to_cart,2026-04-01T08:53:01.189977
82,32,view,2026-05-23T15:33:01.189977
75,48,view,2026-04-05T18:14:01.189977
52,5,view,2026-05-03T09:59:01.189977
59,19,add_to_cart,2026-04-19T15:47:01.189977
87,5,add_to_cart,2026-04-27T04:45:01.189977
60,31,view,2026-04-05T07:41:01.189977
4,48,view,2026-04-12T11:40:01.189977
34,16,click,2026-04-12T13:56:01.189977
61,7,view,2026-05-08T13:31:01.189977
22,26,click,2026-04-09T13:00:01.189977
82,48,click,2026-05-03T06:06:01.189977
45,42,view,2026-04-11T03:48:01.189977
84,27,view,2026-05-24T23:00:01.189977
88,23,view,2026-03-17T17:48:01.189977
32,24,add_to_cart,2026-05-06T23:54:01.189977
33,49,view,2026-04-17T19:48:01.189977
65,19,view,2026-03-04T06:10:01.189977
69,46,view,2026-03-06T13:10:01.189977
97,42,add_to_cart,2026-03-10T00:41:01.189977
73,50,view,2026-03-30T03:07:01.189977
48,10,view,2026-04-15T10:03:01.189977
31,24,view,2026-05-07T10:37:01.189977
10,45,view,2026-04-30T02:05:01.189977
96,20,view,2026-03-21T09:32:01.189977
53,24,view,2026-05-19T01:22:01.189977
4,12,view,2026-05-19T16:11:01.189977
27,8,click,2026-05-03T23:38:01.189977
68,36,view,2026-04-16T14:13:01.189977
73,10,view,2026-05-08T09:29:01.189977
87,25,add_to_cart,2026-03-03T20:09:01.189977
87,20,view,2026-03-19T18:05:01.189977
81,30,view,2026-05-21T15:18:01.189977
48,32,click,2026-05-29T20:51:01.189977
95,17,view,2026-03-27T00:20:01.189977
98,14,click,2026-05-05T22:03:01.189977
6,1,purchase,2026-05-09T20:09:01.189977
100,21,view,2026-04-05T00:32:01.189977
40,39,view,2026-03-06T07:16:01.189977
95,25,click,2026-05-04T02:20:01.189977
30,15,click,2026-05-23T07:22:01.189977
48,45,view,2026-04-14T15:42:01.189977
55,36,view,2026-03-25T04:21:01.189977
23,18,click,2026-05-26T14:36:01.189977
81,50,view,2026-03-19T23:04:01.189977
94,23,add_to_cart,2026-05-05T13:45:01.189977
43,17,click,2026-05-03T21:14:01.189977
64,20,click,2026-04-29T15:40:01.189977
14,50,view,2026-03-19T20:30:01.189977
56,30,view,2026-05-10T07:39:01.189977
83,39,view,2026-03-20T01:12:01.189977
29,29,view,2026-05-19T02:07:01.189977
71,13,click,2026-03-06T11:13:01.189977
56,36,add_to_cart,2026-03-03T10:39:01.189977
57,9,add_to_cart,2026-03-03T05:24:01.189977
28,15,purchase,2026-04-10T14:39:01.189977
2,48,view,2026-04-11T05:27:01.189977
78,34,view,2026-05-21T03:11:01.189977
16,32,view,2026-03-23T00:56:01.189977
55,10,purchase,2026-04-25T17:19:01.189977
59,31,click,2026-05-30T21:40:01.189977
5,2,purchase,2026-03-10T15:41:01.189977
4,37,view,2026-04-24T19:34:01.189977
46,15,click,2026-03-23T18:12:01.189977
69,9,view,2026-05-18T17:27:01.189977
56,47,view,2026-03-05T16:44:01.189977
37,4,view,2026-04-30T17:48:01.189977
39,31,view,2026-04-30T09:27:01.189977
66,48,view,2026-04-09T07:57:01.189977
51,42,add_to_cart,2026-03-05T17:16:01.189977
87,10,view,2026-03-17T01:53:01.189977
23,37,click,2026-03-13T11:22:01.189977
48,34,purchase,2026-05-20T09:40:01.189977
62,20,view,2026-05-13T15:46:01.189977
32,2,view,2026-04-02T16:03:01.189977
3,39,add_to_cart,2026-05-26T06:36:01.189977
69,16,click,2026-03-21T05:58:01.189977
78,18,view,2026-05-04T03:00:01.189977
5,31,click,2026-04-15T20:16:01.189977
17,15,view,2026-03-29T12:29:01.189977
90,38,add_to_cart,2026-05-10T11:43:01.189977
3,31,view,2026-05-30T09:10:01.189977
88,44,view,2026-04-23T11:06:01.189977
86,28,view,2026-05-22T15:30:01.189977
69,28,view,2026-03-16T15:44:01.189977
83,7,add_to_cart,2026-05-06T02:25:01.189977
52,40,add_to_cart,2026-04-20T08:37:01.189977
3,6,view,2026-03-16T09:08:01.189977
42,16,view,2026-04-26T11:52:01.189977
30,23,click,2026-04-30T11:11:01.189977
94,33,view,2026-03-27T20:19:01.189977
99,25,view,2026-04-17T01:27:01.189977
24,41,view,2026-04-30T08:41:01.189977
20,15,view,2026-05-27T17:20:01.189977
62,46,view,2026-03-12T15:31:01.189977
17,4,view,2026-03-31T14:39:01.189977
80,36,purchase,2026-05-06T00:37:01.189977
22,28,view,2026-03-14T12:50:01.189977
35,34,view,2026-03-13T09:27:01.189977
18,17,click,2026-03-28T12:05:01.189977
9,10,view,2026-04-21T13:38:01.189977
49,50,click,2026-05-03T06:00:01.189977
65,43,view,2026-05-08T07:30:01.189977
21,21,view,2026-03-20T06:59:01.189977
100,17,add_to_cart,2026-03-09T10:11:01.189977
56,16,add_to_cart,2026-04-04T00:24:01.189977
31,6,view,2026-04-08T16:33:01.189977
66,1,view,2026-04-28T09:21:01.189977
43,9,view,2026-05-10T02:58:01.189977
51,15,view,2026-04-11T01:46:01.189977
32,28,view,2026-04-10T11:39:01.189977
27,4,view,2026-04-13T08:47:01.189977
9,24,view,2026-04-18T10:54:01.189977
100,45,purchase,2026-03-19T16:50:01.189977
40,20,add_to_cart,2026-05-28T06:28:01.189977
5,5,click,2026-05-30T04:52:01.189977
81,48,add_to_cart,2026-05-23T15:38:01.189977
40,29,view,2026-04-24T19:44:01.189977
55,40,add_to_cart,2026-04-11T03:58:01.189977
44,44,view,2026-04-29T16:31:01.189977
28,49,add_to_cart,2026-05-15T13:48:01.189977
12,15,click,2026-04-13T16:02:01.189977
51,11,view,2026-03-18T12:24:01.189977
79,13,view,2026-03-13T18:28:01.189977
10,27,view,2026-03-26T16:38:01.189977
58,31,click,2026-05-13T10:08:01.189977
16,7,view,2026-03-14T08:56:01.189977
41,25,add_to_cart,2026-05-07T02:19:01.189977
54,10,view,2026-05-05T13:04:01.189977
16,31,purchase,2026-04-21T19:28:01.189977
95,16,purchase,2026-04-13T01:06:01.189977
29,26,view,2026-05-28T01:57:01.189977
40,22,click,2026-05-30T03:05:01.189977
56,6,view,2026-05-04T11:59:01.189977
13,20,click,2026-05-27T23:31:01.189977
45,7,click,2026-05-10T20:24:01.189977
8,37,view,2026-05-18T18:49:01.189977
80,46,click,2026-05-28T22:58:01.189977
93,43,add_to_cart,2026-04-24T05:40:01.189977
88,39,purchase,2026-05-03T06:36:01.189977
47,45,view,2026-03-06T20:48:01.189977
13,18,view,2026-03-16T22:46:01.189977
58,2,view,2026-04-22T10:07:01.189977
83,30,view,2026-04-15T00:07:01.189977
83,43,add_to_cart,2026-04-10T18:32:01.189977
89,26,purchase,2026-03-20T02:06:01.189977
28,26,click,2026-04-01T23:55:01.189977
25,29,view,2026-04-17T12:33:01.189977
77,39,click,2026-05-02T13:42:01.189977
66,24,view,2026-04-19T19:20:01.189977
43,50,view,2026-04-18T05:36:01.189977
33,19,click,2026-04-27T23:37:01.189977
91,16,add_to_cart,2026-04-20T17:06:01.189977
40,49,purchase,2026-05-09T17:05:01.189977
67,33,view,2026-05-29T02:37:01.189977
96,19,view,2026-04-04T16:03:01.189977
42,30,view,2026-05-24T06:53:01.189977
52,38,add_to_cart,2026-04-30T07:53:01.189977
50,44,view,2026-03-09T04:15:01.189977
44,6,view,2026-04-23T22:07:01.189977
61,43,click,2026-03-20T02:26:01.189977
89,41,view,2026-05-29T11:09:01.189977
47,35,add_to_cart,2026-04-23T21:42:01.189977
38,30,add_to_cart,2026-05-22T20:05:01.189977
36,12,view,2026-05-23T11:09:01.189977
92,2,view,2026-03-05T18:23:01.189977
57,17,click,2026-04-26T19:32:01.189977
19,20,view,2026-03-27T20:22:01.189977
30,13,view,2026-05-28T10:07:01.189977
29,36,view,2026-05-21T22:55:01.189977
97,24,add_to_cart,2026-05-28T16:57:01.189977
93,11,view,2026-03-13T18:43:01.189977
6,49,view,2026-03-03T01:36:01.189977
1,46,click,2026-05-09T09:43:01.189977
37,23,purchase,2026-05-20T16:59:01.189977
73,12,view,2026-05-27T13:38:01.189977
35,37,view,2026-04-13T16:03:01.189977
60,12,view,2026-04-29T22:32:01.189977
10,30,view,2026-03-14T18:00:01.189977
37,20,add_to_cart,2026-03-02T15:05:01.189977
99,27,view,2026-04-28T22:57:01.189977
9,10,view,2026-05-23T07:38:01.189977
62,7,view,2026-04-30T15:12:01.189977
78,28,view,2026-03-11T04:55:01.189977
22,45,add_to_cart,2026-03-07T16:39:01.189977
94,39,view,2026-03-20T18:42:01.189977
75,35,view,2026-03-22T07:58:01.189977
83,20,view,2026-03-20T01:08:01.189977
16,41,purchase,2026-04-28T09:04:01.189977
39,11,view,2026-04-10T07:44:01.189977
66,17,view,2026-04-03T01:52:01.189977
25,20,add_to_cart,2026-03-08T07:17:01.189977
63,18,view,2026-03-28T02:01:01.189977
24,22,click,2026-04-02T21:33:01.189977
81,25,view,2026-04-11T10:14:01.189977
76,28,view,2026-05-24T00:17:01.189977
35,48,view,2026-03-11T12:03:01.189977
15,20,click,2026-05-24T19:25:01.189977
11,17,purchase,2026-05-06T03:05:01.189977
25,40,click,2026-05-15T03:01:01.189977
95,34,add_to_cart,2026-04-02T14:57:01.189977
43,47,view,2026-04-08T06:19:01.189977
85,50,view,2026-05-23T07:51:01.189977
21,9,view,2026-03-08T08:18:01.189977
75,45,view,2026-05-19T07:46:01.189977
41,39,click,2026-04-12T11:28:01.189977
7,10,view,2026-05-20T22:08:01.189977
38,36,view,2026-04-13T20:43:01.189977
49,3,view,2026-03-30T23:27:01.189977
97,47,purchase,2026-04-14T07:57:01.189977
45,11,click,2026-03-11T03:35:01.189977
65,47,view,2026-04-05T20:59:01.189977
33,7,purchase,2026-04-14T09:28:01.189977
58,46,view,2026-05-28T22:44:01.189977
90,47,click,2026-04-12T11:48:01.189977
94,12,click,2026-05-03T05:22:01.189977
87,14,view,2026-04-27T05:07:01.189977
21,25,view,2026-05-02T05:30:01.189977
33,11,view,2026-04-28T16:49:01.189977
60,28,view,2026-03-30T17:58:01.189977
69,18,view,2026-04-28T12:52:01.189977
87,25,view,2026-03-09T01:33:01.189977
80,8,add_to_cart,2026-04-27T19:26:01.189977
3,4,add_to_cart,2026-03-03T20:07:01.189977
45,39,add_to_cart,2026-04-19T00:55:01.189977
84,14,click,2026-05-08T14:57:01.189977
99,5,add_to_cart,2026-04-07T04:52:01.189977
37,33,add_to_cart,2026-03-23T09:38:01.189977
64,42,view,2026-05-05T12:15:01.189977
78,18,view,2026-04-08T15:25:01.189977
70,34,view,2026-03-16T09:47:01.189977
2,15,click,2026-04-05T04:52:01.189977
73,37,view,2026-03-17T14:08:01.189977
15,30,add_to_cart,2026-04-26T14:52:01.189977
6,31,add_to_cart,2026-05-14T11:27:01.189977
4,27,add_to_cart,2026-05-16T00:47:01.189977
9,44,purchase,2026-05-12T08:52:01.189977
32,45,view,2026-05-03T21:56:01.189977
34,33,view,2026-04-09T07:47:01.189977
89,50,view,2026-03-18T10:24:01.189977
25,41,view,2026-03-29T12:22:01.189977
37,35,view,2026-04-19T02:51:01.189977
80,44,add_to_cart,2026-05-12T14:12:01.189977
5,25,click,2026-03-23T23:25:01.189977
62,31,view,2026-04-23T04:20:01.189977
81,46,click,2026-03-21T19:43:01.189977
8,11,view,2026-05-23T05:31:01.189977
31,37,view,2026-05-19T09:39:01.189977
8,29,purchase,2026-05-29T17:38:01.189977
57,17,purchase,2026-05-01T13:40:01.189977
60,46,view,2026-03-06T04:26:01.189977
87,34,view,2026-03-09T16:43:01.189977
81,9,view,2026-03-08T18:49:01.189977
64,45,add_to_cart,2026-03-22T17:00:01.189977
97,28,click,2026-05-05T14:31:01.189977
6,31,view,2026-04-12T02:14:01.189977
48,10,view,2026-04-25T01:56:01.189977
16,38,view,2026-05-27T15:08:01.189977
61,11,view,2026-04-02T21:40:01.189977
8,15,view,2026-04-12T16:41:01.189977
94,31,view,2026-05-25T13:07:01.189977
46,50,view,2026-04-22T03:14:01.189977
20,12,view,2026-05-11T22:51:01.189977
41,23,view,2026-03-12T02:30:01.189977
82,19,view,2026-04-25T20:34:01.189977
100,43,view,2026-05-05T20:24:01.189977
29,27,view,2026-03-18T02:57:01.189977
8,49,click,2026-05-20T19:20:01.189977
100,29,view,2026-03-11T08:19:01.189977
93,17,view,2026-05-30T18:00:01.189977
33,31,purchase,2026-04-25T19:29:01.189977
25,49,add_to_cart,2026-04-02T06:58:01.189977
68,35,view,2026-05-19T01:17:01.189977
78,11,view,2026-05-17T13:52:01.189977
42,48,view,2026-03-26T01:44:01.189977
37,34,click,2026-03-26T11:29:01.189977
64,38,click,2026-03-13T02:07:01.189977
2,26,view,2026-03-26T15:53:01.189977
50,28,view,2026-03-17T01:43:01.189977
71,13,view,2026-05-21T17:05:01.189977
11,47,purchase,2026-03-23T07:42:01.189977
4,31,purchase,2026-04-10T21:38:01.189977
96,36,purchase,2026-05-26T07:11:01.189977
41,37,view,2026-04-10T18:19:01.189977
57,29,add_to_cart,2026-05-14T05:30:01.189977
14,23,view,2026-03-29T18:30:01.189977
92,42,view,2026-03-07T15:48:01.189977
94,21,view,2026-04-30T09:05:01.189977
85,44,view,2026-05-22T09:17:01.189977
6,9,add_to_cart,2026-04-05T13:34:01.189977
52,43,view,2026-04-18T00:49:01.189977
51,18,view,2026-03-30T01:35:01.189977
96,28,view,2026-03-14T10:09:01.189977
10,45,view,2026-03-09T18:11:01.189977
1,32,view,2026-03-26T10:26:01.189977
60,46,click,2026-04-05T14:14:01.189977
47,33,view,2026-05-18T22:43:01.189977
62,4,click,2026-05-03T01:15:01.189977
91,14,click,2026-03-28T15:37:01.189977
90,29,view,2026-04-24T15:17:01.189977
27,14,view,2026-04-25T00:44:01.189977
72,2,view,2026-03-28T12:13:01.189977
19,4,click,2026-04-06T14:28:01.189977
8,41,view,2026-03-18T01:27:01.189977
76,25,click,2026-04-29T11:26:01.189977
96,44,view,2026-05-29T04:31:01.189977
42,7,view,2026-04-09T14:52:01.189977
23,33,add_to_cart,2026-04-16T14:22:01.189977
80,28,add_to_cart,2026-05-12T09:03:01.189977
52,45,add_to_cart,2026-04-01T17:55:01.189977
50,42,click,2026-05-27T14:42:01.189977
24,16,view,2026-05-30T18:09:01.189977
15,45,view,2026-05-27T05:33:01.189977
84,9,add_to_cart,2026-03-09T17:40:01.189977
50,42,view,2026-03-06T11:17:01.189977
81,8,view,2026-04-27T20:28:01.189977
50,19,view,2026-05-01T14:47:01.189977
15,11,add_to_cart,2026-04-24T22:40:01.189977
42,11,view,2026-05-06T23:21:01.189977
46,48,add_to_cart,2026-04-16T06:17:01.189977
66,23,click,2026-05-09T11:08:01.189977
56,10,view,2026-03-05T18:40:01.189977
63,50,view,2026-04-03T10:19:01.189977
31,5,view,2026-03-31T22:50:01.189977
78,5,view,2026-04-13T08:19:01.189977
95,43,view,2026-03-03T12:34:01.189977
91,22,view,2026-05-22T23:43:01.189977
13,30,add_to_cart,2026-03-15T14:26:01.189977
26,8,click,2026-05-29T15:01:01.189977
33,18,view,2026-04-04T08:18:01.189977
79,25,add_to_cart,2026-04-14T12:54:01.189977
28,7,click,2026-05-18T21:39:01.189977
57,19,view,2026-04-26T12:25:01.189977
46,18,view,2026-05-29T03:55:01.189977
53,31,view,2026-03-23T01:06:01.189977
17,3,view,2026-04-17T03:17:01.189977
37,31,view,2026-05-07T03:32:01.189977
59,3,add_to_cart,2026-05-05T08:03:01.189977
78,15,view,2026-03-26T01:50:01.189977
86,31,click,2026-05-25T10:13:01.189977
47,22,view,2026-03-05T05:25:01.189977
93,20,view,2026-05-03T18:34:01.189977
41,25,view,2026-03-10T01:36:01.189977
70,45,purchase,2026-03-28T15:11:01.189977
23,23,view,2026-03-19T18:44:01.189977
7,10,view,2026-05-09T06:29:01.189977
76,37,click,2026-04-06T21:46:01.189977
71,15,purchase,2026-04-02T19:10:01.189977
29,45,purchase,2026-03-28T06:35:01.189977
66,21,view,2026-03-14T22:03:01.189977
30,25,view,2026-04-01T14:21:01.189977
52,35,view,2026-03-25T09:33:01.189977
94,2,add_to_cart,2026-05-26T07:54:01.189977
75,39,click,2026-03-16T15:08:01.189977
90,13,add_to_cart,2026-04-02T13:14:01.189977
4,6,click,2026-05-14T12:18:01.189977
65,5,purchase,2026-03-31T23:30:01.189977
36,12,add_to_cart,2026-03-07T16:21:01.189977
92,34,view,2026-05-22T20:10:01.189977
2,44,view,2026-04-16T11:13:01.189977
64,50,view,2026-03-24T21:21:01.189977
57,16,view,2026-04-20T22:35:01.189977
45,35,view,2026-05-28T19:19:01.189977
73,12,add_to_cart,2026-03-03T03:40:01.189977
39,44,view,2026-04-04T22:53:01.189977
98,44,click,2026-05-21T22:30:01.189977
74,45,view,2026-04-23T01:54:01.189977
8,6,view,2026-04-21T22:47:01.189977
25,25,add_to_cart,2026-04-20T17:33:01.189977
12,5,view,2026-05-19T22:19:01.189977
60,43,click,2026-04-07T07:00:01.189977
94,14,view,2026-05-02T19:22:01.189977
10,2,purchase,2026-03-25T14:35:01.189977
86,42,view,2026-05-21T06:47:01.189977
85,41,view,2026-03-10T20:54:01.189977
16,41,view,2026-03-18T05:57:01.189977
67,35,view,2026-03-07T21:55:01.189977
14,42,view,2026-05-31T08:47:01.189977
82,21,click,2026-04-12T02:38:01.189977
59,20,view,2026-04-24T07:03:01.189977
17,45,click,2026-04-07T18:38:01.189977
35,29,view,2026-03-29T10:28:01.189977
54,44,click,2026-03-08T16:13:01.189977
87,36,view,2026-04-27T11:00:01.189977
96,44,click,2026-03-21T14:47:01.189977
28,41,view,2026-04-08T21:27:01.189977
97,25,view,2026-05-07T16:00:01.189977
4,7,add_to_cart,2026-04-04T09:02:01.189977
35,37,add_to_cart,2026-03-04T07:00:01.189977
77,41,add_to_cart,2026-04-03T18:53:01.189977
39,6,view,2026-03-29T22:48:01.189977
35,9,add_to_cart,2026-03-17T09:21:01.189977
49,9,view,2026-05-29T16:27:01.189977
42,46,view,2026-04-30T14:08:01.189977
38,41,view,2026-05-12T19:07:01.189977
4,3,view,2026-03-27T16:26:01.189977
9,7,click,2026-03-24T14:20:01.189977
27,42,add_to_cart,2026-05-02T09:01:01.189977
97,48,add_to_cart,2026-04-14T12:22:01.189977
68,10,view,2026-03-11T19:16:01.189977
71,42,view,2026-04-26T04:10:01.189977
92,2,view,2026-04-09T08:58:01.189977
94,44,click,2026-03-21T09:56:01.189977
83,10,view,2026-04-23T22:47:01.189977
88,18,view,2026-04-15T04:17:01.189977
58,23,view,2026-03-12T21:17:01.189977
22,24,add_to_cart,2026-04-12T06:05:01.189977
89,29,view,2026-04-06T19:21:01.189977
60,11,view,2026-03-20T08:01:01.189977
21,18,view,2026-04-04T18:13:01.189977
90,16,view,2026-04-01T02:05:01.189977
28,44,view,2026-03-23T00:18:01.189977
65,23,view,2026-05-10T03:25:01.189977
31,32,view,2026-05-17T02:59:01.189977
60,44,click,2026-04-28T19:13:01.189977
77,22,view,2026-05-23T00:08:01.189977
42,4,view,2026-03-17T09:39:01.189977
30,27,click,2026-04-15T15:14:01.189977
4,28,view,2026-04-18T11:39:01.189977
46,40,view,2026-05-07T19:04:01.189977
23,31,view,2026-04-12T12:48:01.189977
8,8,view,2026-03-26T14:09:01.189977
83,39,view,2026-04-29T22:57:01.189977
10,18,view,2026-05-28T10:22:01.189977
61,40,click,2026-04-18T08:34:01.189977
84,44,click,2026-04-05T22:14:01.189977
20,30,click,2026-04-28T11:39:01.189977
60,41,view,2026-04-17T16:44:01.189977
4,45,view,2026-05-06T17:46:01.189977
13,30,view,2026-05-25T09:43:01.189977
69,42,view,2026-04-25T21:54:01.189977
56,17,click,2026-04-12T18:27:01.189977
81,20,view,2026-04-28T12:45:01.189977
56,3,add_to_cart,2026-05-08T15:07:01.189977
100,5,add_to_cart,2026-04-05T01:37:01.189977
55,49,view,2026-04-30T06:19:01.189977
82,23,view,2026-05-10T02:56:01.189977
12,12,view,2026-05-28T01:44:01.189977
91,45,click,2026-04-22T09:00:01.189977
12,46,view,2026-04-01T08:18:01.189977
77,11,view,2026-03-22T05:42:01.189977
66,37,purchase,2026-03-26T22:04:01.189977
46,42,view,2026-03-13T16:33:01.189977
76,47,view,2026-05-05T10:32:01.189977
1,44,add_to_cart,2026-03-05T00:32:01.189977
92,42,view,2026-03-31T23:20:01.189977
51,14,view,2026-05-15T05:28:01.189977
17,16,click,2026-04-09T18:09:01.189977
38,11,view,2026-05-13T11:34:01.189977
23,1,view,2026-03-22T22:12:01.189977
13,40,click,2026-04-07T06:54:01.189977
22,37,click,2026-04-29T01:27:01.189977
36,25,view,2026-05-24T14:44:01.189977
57,33,view,2026-04-16T00:34:01.189977
28,34,view,2026-03-22T10:59:01.189977
81,11,click,2026-05-02T22:01:01.189977
26,4,view,2026-05-23T08:40:01.189977
85,21,view,2026-05-06T05:12:01.189977
62,2,view,2026-04-02T15:07:01.189977
100,29,view,2026-05-19T19:02:01.189977
83,6,view,2026-03-27T08:56:01.189977
86,44,click,2026-03-23T07:07:01.189977
46,46,view,2026-03-14T02:03:01.189977
54,49,view,2026-05-14T02:54:01.189977
29,2,add_to_cart,2026-05-11T06:44:01.189977
57,5,view,2026-04-08T07:21:01.189977
21,25,view,2026-04-10T10:50:01.189977
71,17,view,2026-05-31T12:56:01.189977
44,48,view,2026-05-10T16:56:01.189977
63,16,view,2026-04-06T07:16:01.189977
55,34,add_to_cart,2026-03-27T23:56:01.189977
44,44,click,2026-05-15T18:06:01.189977
9,48,purchase,2026-03-30T13:11:01.189977
91,6,view,2026-03-28T10:27:01.189977
70,27,view,2026-05-08T22:42:01.189977
83,24,view,2026-05-15T08:25:01.189977
98,43,purchase,2026-03-11T09:33:01.189977
35,5,view,2026-03-21T06:11:01.189977
83,9,add_to_cart,2026-03-25T02:24:01.189977
19,19,view,2026-04-19T00:25:01.189977
18,38,add_to_cart,2026-03-05T03:12:01.189977
2,43,view,2026-03-11T06:24:01.189977
53,29,view,2026-05-23T16:33:01.189977
53,46,view,2026-03-25T12:50:01.189977
12,21,view,2026-04-23T22:30:01.189977
99,38,view,2026-04-03T21:06:01.189977
67,4,click,2026-05-04T17:41:01.189977
42,36,view,2026-03-07T21:26:01.189977
70,25,click,2026-03-17T03:30:01.189977
89,3,view,2026-04-29T02:31:01.189977
14,47,add_to_cart,2026-03-21T09:55:01.189977
21,38,click,2026-05-07T15:40:01.189977
26,1,view,2026-04-28T16:43:01.189977
18,46,view,2026-05-21T13:21:01.189977
33,4,view,2026-03-05T11:27:01.189977
23,3,view,2026-04-18T23:00:01.189977
86,17,click,2026-05-12T22:13:01.189977
49,32,view,2026-05-28T18:49:01.189977
68,2,view,2026-04-04T11:59:01.189977
87,44,click,2026-04-09T05:29:01.189977
1,41,click,2026-03-23T08:18:01.189977
95,30,add_to_cart,2026-03-11T04:50:01.189977
67,3,view,2026-04-17T18:48:01.189977
11,7,view,2026-05-17T20:58:01.189977
26,37,view,2026-05-28T01:15:01.189977
23,27,click,2026-05-16T21:14:01.189977
62,18,view,2026-05-01T22:13:01.189977
22,39,click,2026-03-18T05:08:01.189977
21,24,purchase,2026-04-20T15:06:01.189977
93,29,view,2026-03-28T03:47:01.189977
19,20,add_to_cart,2026-03-14T06:43:01.189977
79,8,click,2026-04-28T03:17:01.189977
94,15,view,2026-04-02T17:05:01.189977
8,22,view,2026-04-20T14:37:01.189977
100,17,view,2026-04-01T12:22:01.189977
64,10,click,2026-03-28T19:20:01.189977
1,15,view,2026-04-01T18:17:01.189977
30,19,view,2026-04-20T07:56:01.189977
55,21,view,2026-05-08T22:47:01.189977
82,21,view,2026-05-27T05:02:01.189977
95,47,view,2026-04-06T15:55:01.189977
63,12,click,2026-04-16T18:03:01.189977
3,12,add_to_cart,2026-04-13T22:05:01.189977
96,40,click,2026-03-14T19:49:01.189977
23,24,view,2026-05-05T10:51:01.189977
64,41,view,2026-05-19T13:47:01.189977
2,45,view,2026-04-21T06:42:01.189977
32,25,view,2026-04-21T22:13:01.189977
24,43,add_to_cart,2026-03-03T10:17:01.189977
44,11,view,2026-03-14T13:37:01.189977
99,24,view,2026-04-13T09:59:01.189977
6,6,click,2026-05-05T22:35:01.189977
52,50,add_to_cart,2026-03-26T22:46:01.189977
10,14,view,2026-04-24T09:06:01.189977
57,36,view,2026-05-12T00:37:01.189977
60,33,click,2026-03-28T08:14:01.189977
65,50,click,2026-03-22T18:42:01.189977
15,27,view,2026-03-17T23:32:01.189977
77,20,view,2026-03-23T02:00:01.189977
6,20,click,2026-03-13T04:29:01.189977
84,7,view,2026-04-23T08:49:01.189977
34,23,view,2026-04-02T20:20:01.189977
22,50,add_to_cart,2026-04-23T22:45:01.189977
58,30,view,2026-03-05T02:35:01.189977
70,25,view,2026-03-12T20:06:01.189977
11,24,add_to_cart,2026-05-04T16:32:01.189977
44,11,view,2026-05-19T01:44:01.189977
45,19,view,2026-04-11T11:04:01.189977
32,50,view,2026-03-08T15:44:01.189977
82,28,view,2026-03-04T02:23:01.189977
2,38,view,2026-03-03T09:56:01.189977
13,26,view,2026-04-08T09:25:01.189977
27,21,view,2026-03-16T23:09:01.189977
92,34,add_to_cart,2026-04-19T13:54:01.189977
93,10,view,2026-03-28T01:58:01.189977
33,42,add_to_cart,2026-03-20T01:18:01.189977
60,35,view,2026-03-03T18:59:01.189977
9,27,view,2026-04-09T00:29:01.189977
35,45,view,2026-05-05T00:08:01.189977
29,31,click,2026-04-18T13:08:01.189977
65,43,view,2026-05-11T10:32:01.189977
54,28,view,2026-04-14T15:56:01.189977
54,48,add_to_cart,2026-04-06T09:21:01.189977
3,23,add_to_cart,2026-03-31T13:47:01.189977
41,39,add_to_cart,2026-04-01T08:13:01.189977
75,7,view,2026-05-29T03:22:01.189977
34,22,view,2026-03-03T02:32:01.189977
66,3,view,2026-03-15T20:22:01.189977
37,25,view,2026-05-22T11:16:01.189977
73,1,purchase,2026-03-20T17:19:01.189977
5,18,view,2026-05-24T04:20:01.189977
9,47,click,2026-03-16T21:49:01.189977
52,25,view,2026-05-08T06:32:01.189977
46,28,click,2026-03-13T15:40:01.189977
2,44,view,2026-05-04T10:11:01.189977
32,20,click,2026-03-03T21:15:01.189977
24,1,view,2026-05-01T17:38:01.189977
39,35,view,2026-03-29T00:44:01.189977
20,46,view,2026-05-26T03:20:01.189977
74,12,view,2026-04-11T08:20:01.189977
23,31,click,2026-03-12T21:39:01.189977
5,20,view,2026-03-15T03:11:01.189977
47,31,view,2026-05-04T18:58:01.189977
55,42,view,2026-04-14T15:28:01.189977
78,1,view,2026-03-21T05:22:01.189977
14,5,purchase,2026-05-18T12:42:01.189977
98,25,view,2026-03-26T11:54:01.189977
33,40,view,2026-04-05T11:33:01.189977
32,9,add_to_cart,2026-03-10T20:21:01.189977
23,5,view,2026-05-15T06:10:01.189977
69,26,view,2026-05-10T03:02:01.189977
31,45,view,2026-03-08T00:59:01.189977
38,30,click,2026-04-22T09:56:01.189977
61,23,view,2026-03-11T15:49:01.189977
58,31,add_to_cart,2026-03-19T06:01:01.189977
16,39,click,2026-05-27T22:41:01.189977
38,1,view,2026-05-18T07:34:01.189977
37,5,purchase,2026-03-25T10:35:01.189977
10,24,view,2026-05-06T21:20:01.189977
55,26,view,2026-05-10T21:14:01.189977
47,43,view,2026-04-02T22:52:01.189977
61,6,click,2026-05-23T21:03:01.189977
50,15,view,2026-03-30T08:20:01.189977
95,37,view,2026-04-11T19:45:01.189977
87,35,view,2026-03-04T14:10:01.189977
41,6,click,2026-05-04T08:28:01.189977
61,41,view,2026-03-31T15:51:01.189977
2,20,click,2026-03-26T00:43:01.189977
67,31,view,2026-05-15T18:25:01.189977
69,46,add_to_cart,2026-04-07T00:37:01.189977
75,17,view,2026-04-17T19:03:01.189977
66,14,view,2026-03-25T18:40:01.189977
28,39,view,2026-03-05T22:04:01.189977
51,13,view,2026-04-18T17:24:01.189977
8,45,click,2026-03-13T04:09:01.189977
45,21,view,2026-05-09T13:58:01.189977
48,19,view,2026-04-18T09:35:01.189977
22,4,click,2026-03-20T10:42:01.189977
26,33,view,2026-03-22T20:20:01.189977
86,32,add_to_cart,2026-04-20T02:08:01.189977
7,3,view,2026-03-14T22:15:01.189977
20,7,add_to_cart,2026-03-08T20:12:01.189977
40,29,add_to_cart,2026-04-08T13:42:01.189977
94,8,view,2026-05-28T07:29:01.189977
88,5,view,2026-04-01T22:38:01.189977
15,8,view,2026-04-23T13:54:01.189977
18,10,click,2026-05-11T11:19:01.189977
96,34,view,2026-04-15T04:11:01.189977
14,27,view,2026-04-09T23:32:01.189977
61,5,click,2026-05-06T17:03:01.189977
44,25,add_to_cart,2026-04-17T12:28:01.189977
75,34,view,2026-05-07T07:38:01.189977
44,42,view,2026-05-29T23:08:01.189977
86,20,view,2026-03-29T06:05:01.189977
63,42,view,2026-03-28T06:29:01.189977
60,28,click,2026-03-16T05:00:01.189977
50,38,click,2026-05-01T20:50:01.189977
19,33,view,2026-04-09T03:02:01.189977
47,16,view,2026-03-31T11:01:01.189977
53,23,view,2026-04-17T22:08:01.189977
14,33,view,2026-03-19T14:28:01.189977
35,36,view,2026-05-11T19:36:01.189977
75,34,view,2026-03-15T21:40:01.189977
28,42,click,2026-03-16T03:18:01.189977
91,18,view,2026-05-04T18:50:01.189977
14,14,view,2026-04-27T19:12:01.189977
58,26,view,2026-04-16T12:47:01.189977
66,47,view,2026-03-24T10:23:01.189977
19,45,click,2026-05-30T00:14:01.189977
29,40,view,2026-03-13T18:34:01.189977
15,50,view,2026-04-03T23:23:01.189977
80,10,view,2026-04-18T22:25:01.189977
72,23,view,2026-03-07T02:46:01.189977
85,48,add_to_cart,2026-03-18T14:15:01.189977
31,3,view,2026-03-19T10:08:01.189977
70,38,click,2026-04-23T02:44:01.189977
51,14,click,2026-05-01T16:30:01.189977
70,40,view,2026-05-12T21:08:01.189977
22,39,click,2026-04-13T23:10:01.189977
79,33,add_to_cart,2026-05-13T09:07:01.189977
88,45,add_to_cart,2026-03-18T00:24:01.189977
77,42,click,2026-04-22T10:24:01.189977
57,17,click,2026-03-25T01:31:01.189977
58,27,view,2026-04-18T14:36:01.189977
99,33,view,2026-03-05T21:26:01.189977
98,37,view,2026-05-28T23:13:01.189977
80,48,add_to_cart,2026-04-13T21:16:01.189977
21,25,view,2026-05-21T20:39:01.189977
70,29,view,2026-04-30T01:03:01.189977
59,41,purchase,2026-05-19T21:06:01.189977
94,23,add_to_cart,2026-03-06T02:19:01.189977
1,10,click,2026-04-10T20:39:01.189977
66,35,click,2026-04-12T09:49:01.189977
36,38,view,2026-03-29T15:59:01.189977
33,3,click,2026-04-26T09:02:01.189977
41,49,click,2026-05-05T03:49:01.189977
51,15,click,2026-04-16T06:15:01.189977
45,12,click,2026-05-16T18:13:01.189977
89,40,view,2026-05-18T17:23:01.189977
25,6,click,2026-03-29T16:26:01.189977
74,39,view,2026-05-10T04:41:01.189977
90,35,click,2026-04-08T12:51:01.189977
16,7,view,2026-04-26T03:53:01.189977
54,46,view,2026-04-17T01:44:01.189977
26,17,click,2026-04-01T17:54:01.189977
39,30,click,2026-03-20T05:49:01.189977
54,4,view,2026-03-03T05:16:01.189977
88,34,view,2026-03-10T20:45:01.189977
45,44,view,2026-04-04T03:26:01.189977
49,43,click,2026-03-27T14:42:01.189977
25,42,view,2026-04-04T22:05:01.189977
76,32,view,2026-04-10T01:09:01.189977
2,34,add_to_cart,2026-03-15T03:13:01.189977
42,16,view,2026-05-16T05:09:01.189977
28,48,view,2026-03-22T10:06:01.189977
18,31,add_to_cart,2026-03-25T08:06:01.189977
59,30,view,2026-03-14T01:06:01.189977
45,41,click,2026-04-24T02:39:01.189977
92,31,view,2026-04-05T07:04:01.189977
91,36,view,2026-04-03T13:06:01.189977
59,1,view,2026-04-25T13:19:01.189977
78,34,view,2026-04-07T13:17:01.189977
85,12,view,2026-03-31T06:30:01.189977
2,13,view,2026-05-15T22:07:01.189977
44,17,view,2026-03-08T21:19:01.189977
71,28,click,2026-05-25T06:25:01.189977
4,25,view,2026-03-12T10:50:01.189977
81,33,add_to_cart,2026-03-19T23:00:01.189977
66,7,purchase,2026-03-04T06:51:01.189977
62,20,purchase,2026-04-06T02:40:01.189977
26,2,add_to_cart,2026-04-19T16:49:01.189977
41,45,view,2026-03-11T10:26:01.189977
62,43,purchase,2026-05-27T06:11:01.189977
61,16,view,2026-03-07T19:41:01.189977
97,3,purchase,2026-04-19T06:53:01.189977
51,18,add_to_cart,2026-05-24T06:18:01.189977
99,1,add_to_cart,2026-05-04T22:48:01.189977
97,35,click,2026-03-12T08:48:01.189977
61,5,view,2026-03-18T11:24:01.189977
86,30,view,2026-05-05T11:49:01.189977
91,43,view,2026-05-24T12:32:01.189977
94,19,click,2026-03-04T17:35:01.189977
51,34,view,2026-03-12T03:49:01.189977
33,35,view,2026-04-18T12:49:01.189977
30,5,view,2026-04-30T03:07:01.189977
3,15,add_to_cart,2026-04-15T09:55:01.189977
1,3,view,2026-04-19T10:45:01.189977
90,27,click,2026-03-27T23:17:01.189977
57,44,view,2026-05-26T23:09:01.189977
6,36,purchase,2026-04-23T03:12:01.189977
60,23,view,2026-03-15T01:09:01.189977
41,32,purchase,2026-04-02T22:51:01.189977
83,38,view,2026-05-13T19:46:01.189977
29,39,view,2026-05-27T23:26:01.189977
66,11,purchase,2026-04-24T10:54:01.189977
83,23,view,2026-03-30T08:18:01.189977
59,36,view,2026-05-03T01:18:01.189977
50,41,view,2026-03-18T02:00:01.189977
29,24,view,2026-03-30T22:52:01.189977
83,36,view,2026-03-15T15:34:01.189977
88,38,view,2026-03-22T02:31:01.189977
98,28,view,2026-03-08T19:43:01.189977
33,19,click,2026-03-10T08:40:01.189977
94,7,click,2026-04-17T09:11:01.189977
57,45,view,2026-03-13T15:18:01.189977
35,5,view,2026-05-20T03:21:01.189977
72,21,view,2026-05-04T09:45:01.189977
24,27,view,2026-05-23T03:54:01.189977
3,22,view,2026-05-02T13:43:01.189977
82,7,add_to_cart,2026-03-18T05:27:01.189977
2,30,click,2026-05-08T05:14:01.189977
53,3,view,2026-05-07T09:32:01.189977
97,24,view,2026-03-31T06:48:01.189977
68,36,add_to_cart,2026-04-02T09:41:01.189977
4,31,view,2026-03-09T15:49:01.189977
23,14,view,2026-05-06T00:05:01.189977
14,20,click,2026-05-07T11:23:01.189977
49,6,view,2026-03-07T15:48:01.189977
74,18,view,2026-05-29T00:28:01.189977
12,10,view,2026-05-13T02:39:01.189977
95,35,view,2026-04-10T11:29:01.189977
87,21,view,2026-05-08T20:13:01.189977
67,11,view,2026-03-10T19:23:01.189977
11,23,view,2026-04-26T01:37:01.189977
80,48,view,2026-04-25T22:52:01.189977
98,25,view,2026-05-31T06:44:01.189977
48,23,view,2026-05-30T04:38:01.189977
31,17,view,2026-05-18T22:08:01.189977
6,2,click,2026-03-05T09:37:01.189977
87,8,view,2026-05-24T09:13:01.189977
70,48,add_to_cart,2026-03-18T09:55:01.189977
70,41,view,2026-04-21T05:20:01.189977
34,28,click,2026-03-22T06:08:01.189977
87,45,add_to_cart,2026-05-04T16:46:01.189977
77,15,add_to_cart,2026-05-03T22:48:01.189977
77,12,view,2026-05-21T12:22:01.189977
74,27,add_to_cart,2026-04-29T20:09:01.189977
64,13,click,2026-04-23T08:16:01.189977
42,43,view,2026-04-13T11:49:01.189977
64,36,view,2026-05-22T11:45:01.189977
72,32,view,2026-03-07T06:12:01.189977
3,8,view,2026-05-03T06:43:01.189977
88,43,view,2026-04-05T08:43:01.189977
42,39,view,2026-04-23T15:37:01.189977
59,28,view,2026-04-18T14:16:01.189977
72,3,view,2026-03-13T09:45:01.189977
25,28,view,2026-03-05T05:03:01.189977
96,37,add_to_cart,2026-04-04T17:18:01.189977
85,31,view,2026-05-22T16:17:01.189977
73,34,click,2026-03-07T19:37:01.189977
70,41,view,2026-05-25T12:41:01.189977
75,45,view,2026-05-13T19:09:01.189977
7,17,view,2026-03-23T12:27:01.189977
65,50,add_to_cart,2026-03-11T07:16:01.189977
68,46,view,2026-03-17T09:36:01.189977
69,33,view,2026-04-06T04:24:01.189977
58,45,add_to_cart,2026-04-16T10:51:01.189977
24,21,click,2026-05-03T09:26:01.189977
75,12,view,2026-05-16T03:07:01.189977
93,47,view,2026-05-01T15:49:01.189977
92,24,view,2026-04-01T19:52:01.189977
54,15,view,2026-05-19T21:22:01.189977
12,47,click,2026-05-09T22:11:01.189977
45,28,view,2026-05-27T02:14:01.189977
57,17,view,2026-03-22T11:27:01.189977
87,16,click,2026-04-15T12:02:01.189977
97,35,view,2026-05-29T13:58:01.189977
13,36,add_to_cart,2026-04-01T13:29:01.189977
28,21,click,2026-05-19T20:45:01.189977
1,22,click,2026-03-28T20:49:01.189977
56,19,view,2026-04-27T21:19:01.189977
8,19,view,2026-04-17T09:58:01.189977
65,39,view,2026-05-22T22:03:01.189977
19,25,add_to_cart,2026-04-25T05:27:01.189977
44,27,view,2026-05-20T17:24:01.189977
67,50,add_to_cart,2026-05-08T14:30:01.189977
92,39,click,2026-05-26T01:17:01.189977
33,31,add_to_cart,2026-05-22T05:49:01.189977
2,44,view,2026-05-30T06:42:01.189977
35,9,view,2026-03-08T00:03:01.189977
72,12,click,2026-04-06T00:27:01.189977
38,29,view,2026-04-03T17:53:01.189977
3,31,view,2026-05-19T20:08:01.189977
70,40,add_to_cart,2026-03-13T05:23:01.189977
72,31,click,2026-03-08T06:50:01.189977
53,13,view,2026-04-21T14:26:01.189977
100,9,view,2026-04-28T20:02:01.189977
71,7,view,2026-04-04T06:23:01.189977
92,7,view,2026-04-12T17:54:01.189977
44,26,view,2026-03-20T15:23:01.189977
54,9,click,2026-03-07T11:37:01.189977
22,14,view,2026-03-08T07:32:01.189977
41,20,add_to_cart,2026-03-05T02:29:01.189977
9,24,add_to_cart,2026-04-17T10:46:01.189977
84,30,view,2026-04-22T08:00:01.189977
51,40,view,2026-04-02T20:18:01.189977
42,9,click,2026-05-11T18:31:01.189977
74,20,view,2026-04-24T02:07:01.189977
28,33,view,2026-03-29T07:11:01.189977
43,18,click,2026-04-09T14:54:01.189977
74,7,view,2026-04-24T04:00:01.189977
40,25,view,2026-03-28T14:41:01.189977
6,29,view,2026-03-27T04:27:01.189977
23,25,add_to_cart,2026-05-07T22:51:01.189977
43,16,view,2026-05-19T09:07:01.189977
6,38,view,2026-04-23T20:04:01.189977
84,7,click,2026-04-06T14:28:01.189977
16,35,add_to_cart,2026-03-15T00:35:01.189977
76,40,click,2026-05-27T09:13:01.189977
59,39,view,2026-03-31T15:41:01.189977
39,1,view,2026-03-10T20:04:01.189977
70,48,purchase,2026-05-04T10:46:01.189977
53,40,view,2026-03-29T22:55:01.189977
21,40,add_to_cart,2026-04-10T22:59:01.189977
89,28,add_to_cart,2026-04-26T18:34:01.189977
13,14,view,2026-04-04T21:36:01.189977
49,47,click,2026-04-06T00:03:01.189977
18,39,view,2026-03-12T17:08:01.189977
90,14,add_to_cart,2026-05-17T21:57:01.189977
83,22,view,2026-05-27T18:43:01.189977
17,33,view,2026-04-20T08:51:01.189977
37,7,add_to_cart,2026-04-29T19:44:01.189977
34,17,view,2026-05-08T02:01:01.189977
69,17,click,2026-04-16T03:47:01.189977
3,3,view,2026-03-24T14:01:01.189977
48,17,add_to_cart,2026-03-20T10:05:01.189977
75,29,purchase,2026-04-23T19:39:01.189977
23,27,view,2026-04-14T17:30:01.189977
13,39,view,2026-03-13T22:05:01.189977
60,25,view,2026-03-08T04:12:01.189977
70,2,view,2026-05-26T22:21:01.189977
86,39,view,2026-04-22T19:47:01.189977
29,22,add_to_cart,2026-04-05T17:59:01.189977
26,5,click,2026-03-31T14:39:01.189977
19,31,add_to_cart,2026-03-04T18:18:01.189977
86,43,view,2026-04-17T06:50:01.189977
12,20,view,2026-05-20T19:54:01.189977
15,34,click,2026-03-26T23:12:01.189977
81,17,view,2026-03-03T11:57:01.189977
26,7,view,2026-05-08T22:07:01.189977
87,14,view,2026-03-25T21:34:01.189977
72,50,view,2026-04-15T11:28:01.189977
35,29,add_to_cart,2026-03-06T13:15:01.189977
70,35,view,2026-03-24T15:42:01.189977
3,44,add_to_cart,2026-03-28T22:12:01.189977
67,29,add_to_cart,2026-05-18T06:12:01.189977
98,31,view,2026-04-23T12:30:01.189977
65,22,view,2026-03-09T18:46:01.189977
26,31,view,2026-03-02T23:05:01.189977
19,48,view,2026-05-08T08:46:01.189977
41,20,add_to_cart,2026-04-21T04:27:01.189977
43,50,click,2026-04-26T14:28:01.189977
44,39,view,2026-05-30T16:26:01.189977
35,19,view,2026-05-30T21:51:01.189977
44,41,view,2026-03-16T14:44:01.189977
84,31,view,2026-05-30T16:12:01.189977
99,20,purchase,2026-04-10T19:34:01.189977
77,49,click,2026-05-26T22:05:01.189977
35,24,view,2026-03-20T00:53:01.189977
83,48,add_to_cart,2026-04-27T21:44:01.189977
1,33,click,2026-05-04T17:10:01.189977
34,26,view,2026-04-07T01:36:01.189977
20,44,view,2026-03-26T06:19:01.189977
59,48,purchase,2026-03-14T09:15:01.189977
1,44,click,2026-04-07T10:02:01.189977
73,48,view,2026-04-20T06:55:01.189977
99,15,view,2026-05-17T21:49:01.189977
80,15,view,2026-04-08T17:52:01.189977
1,8,view,2026-04-22T19:13:01.189977
82,38,view,2026-04-30T18:12:01.189977
65,46,click,2026-04-15T14:26:01.189977
58,10,view,2026-04-17T00:23:01.189977
15,38,click,2026-03-19T11:02:01.189977
35,27,add_to_cart,2026-04-28T21:51:01.189977
20,40,purchase,2026-05-28T20:47:01.189977
61,36,view,2026-04-26T06:37:01.189977
95,29,view,2026-03-25T01:28:01.189977
28,39,view,2026-05-22T19:35:01.189977
55,27,view,2026-05-31T07:57:01.189977
72,19,view,2026-04-14T07:56:01.189977
43,29,view,2026-03-30T22:17:01.189977
54,35,view,2026-03-22T00:24:01.189977
74,36,view,2026-05-11T10:04:01.189977
46,8,view,2026-05-03T17:23:01.189977
1,10,view,2026-03-15T13:55:01.189977
23,32,purchase,2026-03-08T06:46:01.189977
75,50,view,2026-05-26T19:20:01.189977
51,26,purchase,2026-04-07T05:50:01.189977
75,43,click,2026-04-07T14:50:01.189977
22,29,view,2026-04-10T01:23:01.189977
32,27,add_to_cart,2026-05-08T14:04:01.189977
98,11,view,2026-04-20T05:47:01.189977
12,32,click,2026-05-19T16:29:01.189977
83,20,view,2026-03-06T09:00:01.189977
8,15,view,2026-05-27T22:51:01.189977
64,40,view,2026-03-10T12:36:01.189977
37,26,view,2026-05-22T09:19:01.189977
48,6,view,2026-03-06T01:36:01.189977
59,8,view,2026-04-19T09:32:01.189977
11,39,add_to_cart,2026-03-16T21:32:01.189977
16,1,view,2026-05-28T12:21:01.189977
69,20,add_to_cart,2026-03-22T04:29:01.189977
39,31,view,2026-03-25T06:55:01.189977
17,23,view,2026-05-21T22:51:01.189977
30,45,view,2026-04-30T20:46:01.189977
82,1,click,2026-03-19T01:45:01.189977
52,8,view,2026-05-31T08:43:01.189977
48,16,view,2026-05-11T17:12:01.189977
49,22,view,2026-05-17T22:30:01.189977
4,5,view,2026-03-15T18:09:01.189977
88,8,view,2026-04-02T00:40:01.189977
10,14,click,2026-03-09T11:09:01.189977
37,4,purchase,2026-05-05T20:23:01.189977
74,3,click,2026-05-14T19:08:01.189977
71,31,view,2026-05-04T17:38:01.189977
87,50,view,2026-03-24T20:44:01.189977
42,50,view,2026-05-20T08:45:01.189977
36,47,purchase,2026-04-03T11:59:01.189977
84,1,view,2026-04-19T22:33:01.189977
43,46,add_to_cart,2026-05-05T06:58:01.189977
8,48,view,2026-05-13T09:44:01.189977
64,18,click,2026-05-19T15:28:01.189977
97,27,click,2026-05-01T09:24:01.189977
5,8,view,2026-03-24T18:07:01.189977
33,33,click,2026-04-21T05:36:01.189977
74,20,view,2026-03-20T11:49:01.189977
84,43,click,2026-03-09T04:28:01.189977
62,18,view,2026-04-14T19:06:01.189977
19,43,view,2026-05-24T06:28:01.189977
9,50,view,2026-04-25T10:25:01.189977
66,6,view,2026-03-13T22:10:01.189977
93,14,click,2026-04-17T19:15:01.189977
50,26,add_to_cart,2026-03-28T07:06:01.189977
72,22,view,2026-05-22T10:16:01.189977
88,25,view,2026-03-10T08:36:01.189977
93,35,view,2026-04-23T03:23:01.189977
36,24,view,2026-05-27T06:36:01.189977
15,21,view,2026-05-16T09:32:01.189977
37,35,click,2026-04-27T17:31:01.189977
32,3,click,2026-03-29T01:54:01.189977
23,1,view,2026-03-13T08:59:01.189977
95,16,click,2026-05-27T23:54:01.189977
51,24,view,2026-05-29T02:53:01.189977
8,18,view,2026-03-06T02:49:01.189977
53,3,view,2026-04-04T13:31:01.189977
51,26,add_to_cart,2026-05-31T05:26:01.189977
68,27,view,2026-05-02T20:33:01.189977
46,4,view,2026-04-29T06:24:01.189977
47,39,view,2026-03-29T12:35:01.189977
73,11,view,2026-05-06T00:56:01.189977
19,44,add_to_cart,2026-04-12T16:14:01.189977
45,30,click,2026-03-09T20:54:01.189977
88,47,view,2026-05-07T02:15:01.189977
82,19,view,2026-03-07T14:28:01.189977
39,37,view,2026-03-31T14:51:01.189977
20,19,purchase,2026-04-04T07:48:01.189977
33,24,click,2026-03-24T10:01:01.189977
95,20,view,2026-05-17T20:02:01.189977
24,16,click,2026-04-08T22:27:01.189977
19,4,view,2026-05-15T03:01:01.189977
3,1,add_to_cart,2026-03-25T11:06:01.189977
41,32,click,2026-03-17T06:29:01.189977
94,11,click,2026-03-31T23:11:01.189977
65,20,click,2026-03-06T22:44:01.189977
54,28,view,2026-03-14T03:27:01.189977
56,32,click,2026-04-17T16:40:01.189977
21,18,add_to_cart,2026-03-05T22:06:01.189977
